y,Bifidobacteriaceae,Micrococcaceae,Microbacteriaceae,Demequinaceae,Dermabacteraceae,Dermacoccaceae,Promicromonosporaceae,Mycobacteriaceae,Actinomycetaceae,Streptomycetaceae,Nocardioidaceae,Propionibacteriaceae,Micromonosporaceae,Pseudonocardiaceae,Geodermatophilaceae,Streptosporangiaceae,Coriobacteriaceae,Lactobacillaceae,Streptococcaceae,Enterococcaceae,Leuconostocaceae,Aerococcaceae,Staphylococcaceae,Bacillaceae,Listeriaceae,Paenibacillaceae,Planococcaceae,Alicyclobacillaceae,Sporolactobacillaceae,Thermoactinomycetaceae,Peptostreptococcaceae,Ruminococcaceae,Clostridiales Family XIII. Incertae Sedis,Clostridiaceae,Lachnospiraceae,Peptococcaceae,Peptoniphilaceae,Erysipelotrichaceae,Mycoplasmataceae,Acholeplasmataceae,Oscillochloridaceae,Enterobacteriaceae,Yersiniaceae,Morganellaceae,Erwiniaceae,Rhodanobacteraceae,Xanthomonadaceae,Aeromonadaceae,Vibrionaceae,Pseudomonadaceae,Moraxellaceae,Ectothiorhodospiraceae,Chromatiaceae,Halieaceae,Halomonadaceae,Shewanellaceae,Pasteurellaceae,Coxiellaceae,Methylocystaceae,Bradyrhizobiaceae,Brucellaceae,Phyllobacteriaceae,Hyphomicrobiaceae,Methylobacteriaceae,Aurantimonadaceae,Xanthobacteraceae,Rhizobiaceae,Beijerinckiaceae,Sphingomonadaceae,Erythrobacteraceae,Acetobacteraceae,Rhodospirillaceae,Rhodobacteraceae,Hyphomonadaceae,Rickettsiaceae,Candidatus Paracaedibacteraceae,Caulobacteraceae,Pelagibacteraceae,Parvularculaceae,Neisseriaceae,Comamonadaceae,Alcaligenaceae,Burkholderiaceae,Oxalobacteraceae,Desulfobacteraceae,Desulfuromonadaceae,Gemmatimonadaceae,Flavobacteriaceae,Sphingobacteriaceae,Prolixibacteraceae,Hymenobacteraceae,Chlorobiaceae,Spirochaetaceae,Chrysiogenaceae,Deferribacteraceae,Halanaerobiaceae,Selenomonadaceae,Cardiobacteriaceae,Alteromonadaceae,Spongiibacteraceae,Desulfovibrionaceae,Chitinophagaceae,Nocardiaceae,Candidatus Nanopelagicaceae,Atopobiaceae,Sporomusaceae,Veillonellaceae,Endozoicomonadaceae,Cellvibrionaceae,Francisellaceae,Piscirickettsiaceae,Methylococcaceae,Sinobacteraceae,Kordiimonadaceae,Desulfobulbaceae,Marinifilaceae,Thermodesulfobacteriaceae,Fervidobacteriaceae,Oceanospirillaceae,Colwelliaceae,Idiomarinaceae,Fastidiosibacteraceae,Sutterellaceae,Nocardiopsaceae,Eggerthellaceae,Balneolaceae,Acidobacteriaceae,Legionellaceae,Gallionellaceae,Syntrophobacteraceae,Nautiliaceae,Beutenbergiaceae,Methylophilaceae,Thermaceae,Rubricoccaceae,Magnetococcaceae,Planctomycetaceae,Marinilabiliaceae,Aquificaceae,Eimeriidae
healthy,34.0,0.0,0.0,0.0,0.0,1.0,0.0,0.0,30.0,0.0,0.0,12.0,2.0,0.0,0.0,0.0,5.0,0.0,0.0,1.0,0.0,0.0,0.0,7.0,0.0,0.0,0.0,0.0,0.0,0.0,0.0,5.0,0.0,0.0,0.0,0.0,0.0,0.0,0.0,0.0,0.0,54.0,0.0,0.0,0.0,0.0,1.0,0.0,0.0,0.0,0.0,0.0,0.0,0.0,0.0,0.0,0.0,0.0,0.0,5.0,0.0,0.0,0.0,0.0,0.0,7.0,0.0,0.0,3.0,1.0,0.0,0.0,4.0,0.0,2.0,1.0,0.0,0.0,0.0,0.0,0.0,0.0,0.0,0.0,1.0,0.0,0.0,0.0,0.0,0.0,0.0,0.0,4.0,0.0,2.0,0.0,0.0,0.0,0.0,0.0,0.0,0.0,0.0,0.0,0.0,0.0,0.0,0.0,0.0,0.0,0.0,1.0,0.0,0.0,0.0,0.0,0.0,0.0,0.0,0.0,0.0,0.0,0.0,0.0,0.0,0.0,1.0,0.0,0.0,0.0,0.0,0.0,0.0,0.0,0.0,0.0,1.0,0.0,0.0,0.0
septic,2.0,0.0,2.0,0.0,0.0,0.0,28.0,0.0,5.0,0.0,0.0,5.0,4.0,0.0,0.0,0.0,9.0,0.0,0.0,0.0,0.0,0.0,0.0,18.0,0.0,0.0,0.0,0.0,0.0,0.0,0.0,3.0,0.0,0.0,0.0,0.0,0.0,0.0,0.0,0.0,0.0,49.0,0.0,0.0,0.0,14.0,4.0,0.0,0.0,1.0,7.0,0.0,0.0,0.0,0.0,0.0,0.0,1.0,0.0,63.0,0.0,6.0,0.0,0.0,6.0,47.0,0.0,0.0,40.0,2.0,10.0,8.0,109.0,0.0,15.0,17.0,0.0,0.0,0.0,0.0,3.0,0.0,0.0,0.0,0.0,0.0,0.0,8.0,0.0,0.0,0.0,3.0,0.0,1.0,0.0,0.0,0.0,0.0,1.0,0.0,0.0,0.0,0.0,0.0,0.0,0.0,0.0,1.0,0.0,0.0,0.0,2.0,0.0,0.0,0.0,0.0,0.0,0.0,2.0,0.0,0.0,0.0,0.0,0.0,0.0,0.0,0.0,0.0,0.0,0.0,0.0,0.0,0.0,0.0,3.0,0.0,2.0,0.0,0.0,0.0
healthy,25.0,0.0,0.0,0.0,0.0,1.0,1.0,38.0,13.0,0.0,0.0,8.0,4.0,0.0,0.0,0.0,3.0,1.0,1.0,0.0,0.0,1.0,0.0,4.0,0.0,0.0,0.0,0.0,0.0,0.0,0.0,1.0,0.0,0.0,2.0,0.0,1.0,1.0,0.0,4.0,0.0,59.0,0.0,0.0,0.0,1.0,0.0,0.0,0.0,0.0,0.0,0.0,0.0,0.0,0.0,0.0,0.0,1.0,0.0,6.0,0.0,1.0,0.0,0.0,2.0,9.0,0.0,0.0,6.0,1.0,0.0,0.0,1.0,0.0,1.0,0.0,0.0,0.0,0.0,0.0,0.0,0.0,0.0,0.0,0.0,0.0,0.0,0.0,0.0,0.0,0.0,1.0,2.0,0.0,1.0,0.0,0.0,0.0,0.0,0.0,0.0,0.0,0.0,0.0,0.0,0.0,0.0,0.0,0.0,0.0,0.0,0.0,0.0,0.0,0.0,0.0,0.0,0.0,1.0,0.0,0.0,1.0,0.0,0.0,0.0,0.0,0.0,0.0,0.0,0.0,0.0,0.0,0.0,0.0,0.0,0.0,0.0,0.0,0.0,0.0
healthy,48.0,1.0,9.0,0.0,0.0,0.0,2.0,51.0,59.0,0.0,0.0,12.0,8.0,12.0,0.0,0.0,0.0,0.0,0.0,0.0,0.0,1.0,0.0,40.0,0.0,0.0,0.0,0.0,0.0,0.0,0.0,6.0,0.0,4.0,4.0,1.0,0.0,0.0,0.0,8.0,0.0,323.0,0.0,0.0,0.0,5.0,0.0,0.0,0.0,0.0,0.0,0.0,0.0,0.0,0.0,0.0,2.0,0.0,2.0,19.0,0.0,3.0,0.0,1.0,0.0,15.0,0.0,0.0,167.0,5.0,7.0,0.0,10.0,0.0,9.0,6.0,0.0,0.0,0.0,0.0,1.0,12.0,0.0,0.0,1.0,0.0,6.0,3.0,0.0,0.0,0.0,0.0,21.0,1.0,7.0,0.0,0.0,0.0,0.0,1.0,1.0,101.0,0.0,0.0,0.0,0.0,0.0,0.0,0.0,0.0,0.0,6.0,0.0,2.0,0.0,0.0,0.0,0.0,1.0,0.0,0.0,0.0,0.0,0.0,1.0,0.0,0.0,0.0,0.0,0.0,0.0,0.0,0.0,0.0,0.0,0.0,0.0,0.0,0.0,0.0
healthy,44.0,0.0,30.0,0.0,0.0,1.0,0.0,0.0,20.0,0.0,0.0,3.0,3.0,0.0,0.0,0.0,3.0,2.0,0.0,0.0,0.0,1.0,0.0,4.0,0.0,0.0,0.0,0.0,0.0,0.0,0.0,7.0,0.0,0.0,0.0,0.0,1.0,0.0,0.0,4.0,0.0,69.0,0.0,0.0,0.0,1.0,1.0,0.0,0.0,0.0,0.0,0.0,0.0,0.0,0.0,0.0,0.0,0.0,0.0,10.0,0.0,1.0,0.0,0.0,0.0,5.0,0.0,0.0,0.0,0.0,6.0,1.0,31.0,0.0,3.0,3.0,0.0,0.0,0.0,0.0,0.0,0.0,0.0,0.0,0.0,0.0,0.0,0.0,0.0,0.0,0.0,0.0,5.0,0.0,1.0,0.0,0.0,0.0,0.0,0.0,0.0,0.0,0.0,0.0,0.0,0.0,0.0,0.0,0.0,0.0,0.0,1.0,0.0,0.0,0.0,0.0,0.0,0.0,0.0,0.0,0.0,0.0,1.0,0.0,0.0,0.0,4.0,0.0,0.0,0.0,0.0,0.0,0.0,0.0,0.0,0.0,0.0,0.0,0.0,0.0
healthy,42.0,11.0,5.0,0.0,0.0,3.0,1.0,0.0,34.0,0.0,1.0,11.0,10.0,0.0,0.0,0.0,2.0,0.0,0.0,0.0,0.0,2.0,0.0,8.0,0.0,0.0,0.0,0.0,0.0,0.0,0.0,6.0,0.0,0.0,0.0,1.0,0.0,8.0,0.0,3.0,0.0,115.0,0.0,0.0,0.0,6.0,1.0,0.0,0.0,0.0,0.0,0.0,1.0,0.0,0.0,0.0,0.0,0.0,20.0,16.0,0.0,2.0,0.0,0.0,2.0,22.0,0.0,0.0,6.0,1.0,7.0,3.0,5.0,0.0,6.0,14.0,0.0,0.0,0.0,0.0,0.0,0.0,0.0,1.0,0.0,0.0,0.0,1.0,0.0,0.0,0.0,0.0,5.0,0.0,1.0,0.0,0.0,0.0,0.0,0.0,0.0,0.0,0.0,0.0,0.0,0.0,0.0,0.0,0.0,0.0,0.0,0.0,0.0,0.0,0.0,0.0,0.0,0.0,0.0,0.0,0.0,0.0,0.0,0.0,0.0,0.0,0.0,0.0,0.0,0.0,0.0,0.0,0.0,0.0,0.0,0.0,0.0,0.0,0.0,0.0
septic,1.0,0.0,12.0,0.0,0.0,0.0,33.0,0.0,3.0,0.0,0.0,18.0,3.0,0.0,9.0,0.0,37.0,0.0,0.0,1.0,0.0,2.0,0.0,8.0,0.0,0.0,0.0,0.0,0.0,0.0,1.0,2.0,0.0,3.0,0.0,3.0,0.0,0.0,0.0,0.0,0.0,590.0,0.0,0.0,0.0,0.0,21.0,0.0,0.0,0.0,10.0,0.0,0.0,0.0,0.0,0.0,0.0,3.0,1.0,74.0,0.0,9.0,1.0,0.0,13.0,52.0,0.0,0.0,154.0,11.0,10.0,5.0,76.0,1.0,13.0,188.0,0.0,0.0,1.0,0.0,2.0,1.0,0.0,2.0,4.0,2.0,0.0,0.0,0.0,0.0,0.0,0.0,0.0,9.0,0.0,0.0,0.0,1.0,1.0,0.0,3.0,0.0,0.0,0.0,0.0,0.0,0.0,7.0,0.0,0.0,0.0,0.0,0.0,8.0,0.0,0.0,0.0,0.0,0.0,0.0,0.0,1.0,0.0,0.0,0.0,0.0,0.0,0.0,0.0,1.0,1.0,1.0,0.0,0.0,0.0,0.0,0.0,0.0,0.0,0.0
healthy,19.0,2.0,10.0,0.0,0.0,0.0,1.0,0.0,26.0,0.0,0.0,1.0,3.0,0.0,4.0,0.0,1.0,0.0,0.0,0.0,0.0,0.0,8.0,11.0,0.0,0.0,0.0,0.0,0.0,0.0,0.0,4.0,0.0,0.0,0.0,0.0,1.0,0.0,0.0,6.0,0.0,81.0,0.0,0.0,0.0,16.0,0.0,0.0,0.0,0.0,0.0,0.0,0.0,0.0,0.0,0.0,0.0,0.0,0.0,12.0,0.0,1.0,0.0,0.0,2.0,8.0,0.0,0.0,7.0,0.0,1.0,0.0,0.0,0.0,3.0,3.0,0.0,0.0,0.0,0.0,0.0,0.0,1.0,0.0,0.0,1.0,0.0,0.0,0.0,0.0,2.0,0.0,4.0,0.0,2.0,0.0,0.0,0.0,0.0,0.0,1.0,0.0,0.0,0.0,0.0,0.0,0.0,0.0,1.0,0.0,0.0,1.0,0.0,0.0,0.0,0.0,0.0,0.0,3.0,0.0,0.0,0.0,1.0,0.0,0.0,0.0,0.0,0.0,0.0,0.0,0.0,0.0,0.0,0.0,0.0,0.0,0.0,0.0,0.0,0.0
septic,3.0,0.0,1.0,0.0,0.0,0.0,0.0,0.0,6.0,0.0,0.0,9.0,0.0,0.0,0.0,1.0,5.0,0.0,0.0,1.0,0.0,0.0,0.0,0.0,0.0,1.0,0.0,0.0,0.0,0.0,0.0,0.0,0.0,0.0,0.0,0.0,0.0,0.0,0.0,0.0,0.0,59.0,0.0,0.0,0.0,0.0,21.0,0.0,0.0,0.0,0.0,0.0,0.0,0.0,0.0,0.0,0.0,1.0,0.0,86.0,0.0,4.0,0.0,0.0,24.0,74.0,0.0,0.0,64.0,5.0,6.0,3.0,53.0,0.0,16.0,30.0,0.0,0.0,2.0,0.0,18.0,0.0,3.0,8.0,1.0,5.0,0.0,7.0,0.0,0.0,0.0,0.0,0.0,2.0,0.0,0.0,0.0,0.0,1.0,0.0,0.0,0.0,1.0,0.0,0.0,0.0,0.0,0.0,0.0,0.0,0.0,0.0,0.0,0.0,0.0,1.0,0.0,0.0,0.0,0.0,0.0,0.0,0.0,0.0,0.0,0.0,0.0,0.0,0.0,0.0,1.0,0.0,0.0,0.0,0.0,0.0,0.0,0.0,0.0,0.0
healthy,29.0,2.0,23.0,0.0,0.0,4.0,2.0,99.0,46.0,0.0,0.0,32.0,7.0,0.0,2.0,0.0,4.0,1.0,0.0,0.0,0.0,0.0,0.0,82.0,0.0,0.0,0.0,0.0,0.0,0.0,0.0,5.0,0.0,2.0,1.0,0.0,0.0,0.0,1.0,5.0,0.0,261.0,0.0,0.0,0.0,7.0,4.0,0.0,0.0,0.0,0.0,0.0,1.0,0.0,0.0,0.0,3.0,0.0,0.0,21.0,0.0,3.0,0.0,0.0,1.0,25.0,0.0,0.0,12.0,8.0,9.0,3.0,19.0,0.0,9.0,8.0,0.0,0.0,0.0,0.0,1.0,0.0,0.0,3.0,2.0,1.0,0.0,1.0,0.0,0.0,0.0,0.0,11.0,0.0,2.0,0.0,0.0,0.0,0.0,0.0,0.0,0.0,0.0,0.0,0.0,0.0,0.0,0.0,0.0,0.0,2.0,1.0,0.0,0.0,0.0,0.0,0.0,2.0,0.0,0.0,0.0,0.0,0.0,0.0,0.0,0.0,0.0,0.0,0.0,0.0,0.0,0.0,0.0,0.0,0.0,0.0,0.0,0.0,0.0,0.0
septic,0.0,0.0,30.0,0.0,0.0,0.0,1.0,0.0,2.0,0.0,0.0,5.0,0.0,0.0,0.0,0.0,1.0,0.0,0.0,0.0,0.0,3.0,0.0,5.0,0.0,1.0,0.0,0.0,0.0,0.0,0.0,0.0,0.0,0.0,0.0,0.0,0.0,0.0,0.0,0.0,0.0,86.0,0.0,0.0,0.0,0.0,19.0,0.0,0.0,0.0,2.0,0.0,0.0,0.0,0.0,0.0,1.0,1.0,0.0,34.0,0.0,5.0,1.0,0.0,1.0,27.0,0.0,0.0,176.0,2.0,9.0,0.0,11.0,1.0,8.0,52.0,0.0,0.0,0.0,0.0,51.0,0.0,1.0,2.0,1.0,0.0,0.0,5.0,0.0,1.0,0.0,0.0,0.0,5.0,0.0,0.0,0.0,0.0,0.0,0.0,4.0,0.0,1.0,0.0,0.0,0.0,0.0,1.0,0.0,0.0,0.0,0.0,0.0,0.0,0.0,0.0,0.0,0.0,0.0,0.0,0.0,0.0,0.0,0.0,0.0,0.0,0.0,0.0,0.0,0.0,0.0,0.0,0.0,0.0,0.0,0.0,0.0,0.0,0.0,0.0
healthy,30.0,1.0,0.0,0.0,0.0,2.0,1.0,0.0,63.0,0.0,0.0,15.0,1.0,0.0,0.0,0.0,1.0,1.0,2.0,0.0,0.0,0.0,0.0,4.0,0.0,0.0,0.0,0.0,0.0,0.0,0.0,6.0,0.0,0.0,0.0,0.0,0.0,1.0,0.0,14.0,0.0,92.0,0.0,0.0,0.0,4.0,11.0,0.0,0.0,0.0,2.0,0.0,0.0,0.0,0.0,0.0,4.0,1.0,1.0,28.0,0.0,3.0,0.0,0.0,1.0,16.0,0.0,0.0,4.0,5.0,4.0,3.0,235.0,0.0,5.0,2.0,0.0,0.0,0.0,0.0,8.0,0.0,0.0,0.0,0.0,0.0,0.0,3.0,0.0,0.0,0.0,0.0,7.0,0.0,4.0,0.0,0.0,0.0,0.0,0.0,0.0,0.0,0.0,0.0,0.0,0.0,0.0,0.0,0.0,0.0,0.0,0.0,0.0,0.0,0.0,0.0,0.0,0.0,1.0,0.0,0.0,1.0,0.0,0.0,23.0,1.0,0.0,0.0,0.0,0.0,0.0,0.0,0.0,0.0,0.0,0.0,0.0,0.0,0.0,0.0
septic,2.0,0.0,0.0,0.0,0.0,0.0,4.0,1.0,1.0,0.0,0.0,10.0,1.0,0.0,0.0,0.0,4.0,1.0,0.0,1.0,0.0,0.0,0.0,10.0,0.0,0.0,0.0,0.0,0.0,0.0,0.0,0.0,0.0,0.0,0.0,0.0,0.0,0.0,0.0,0.0,1.0,33.0,0.0,0.0,0.0,0.0,12.0,0.0,0.0,0.0,0.0,0.0,0.0,0.0,0.0,0.0,2.0,0.0,5.0,99.0,0.0,15.0,0.0,0.0,12.0,91.0,0.0,0.0,76.0,4.0,12.0,11.0,42.0,0.0,23.0,31.0,0.0,0.0,1.0,0.0,2.0,0.0,0.0,2.0,2.0,2.0,0.0,2.0,0.0,0.0,0.0,0.0,0.0,3.0,0.0,0.0,0.0,0.0,1.0,0.0,1.0,0.0,0.0,0.0,0.0,0.0,0.0,0.0,0.0,0.0,0.0,0.0,0.0,0.0,0.0,1.0,0.0,0.0,0.0,0.0,0.0,1.0,0.0,0.0,0.0,0.0,1.0,0.0,0.0,0.0,1.0,0.0,0.0,0.0,0.0,0.0,0.0,0.0,0.0,0.0
healthy,7.0,1.0,0.0,0.0,0.0,0.0,0.0,0.0,13.0,0.0,0.0,10.0,4.0,0.0,0.0,0.0,1.0,0.0,0.0,0.0,0.0,0.0,0.0,8.0,0.0,0.0,0.0,0.0,0.0,0.0,0.0,3.0,0.0,0.0,0.0,0.0,0.0,0.0,0.0,2.0,0.0,28.0,0.0,0.0,0.0,3.0,0.0,0.0,0.0,0.0,0.0,0.0,0.0,0.0,0.0,0.0,0.0,0.0,0.0,0.0,0.0,0.0,0.0,0.0,0.0,2.0,0.0,0.0,0.0,0.0,1.0,0.0,0.0,0.0,0.0,0.0,0.0,0.0,0.0,0.0,5.0,0.0,0.0,0.0,0.0,0.0,0.0,0.0,0.0,0.0,0.0,0.0,1.0,0.0,0.0,0.0,0.0,0.0,0.0,0.0,0.0,0.0,0.0,0.0,0.0,0.0,0.0,0.0,0.0,0.0,0.0,0.0,0.0,0.0,0.0,0.0,0.0,0.0,0.0,0.0,0.0,0.0,1.0,0.0,0.0,0.0,0.0,0.0,0.0,0.0,0.0,0.0,0.0,0.0,0.0,0.0,0.0,0.0,0.0,0.0
septic,0.0,1.0,0.0,0.0,0.0,0.0,25.0,0.0,0.0,1.0,0.0,13.0,1.0,0.0,0.0,0.0,5.0,1.0,0.0,0.0,0.0,9.0,0.0,5.0,0.0,0.0,0.0,0.0,0.0,0.0,0.0,5.0,0.0,0.0,0.0,0.0,0.0,0.0,0.0,0.0,0.0,22.0,0.0,0.0,0.0,0.0,2.0,0.0,0.0,0.0,0.0,0.0,0.0,0.0,0.0,0.0,0.0,0.0,0.0,16.0,0.0,7.0,0.0,0.0,3.0,8.0,0.0,0.0,50.0,1.0,0.0,0.0,16.0,0.0,3.0,7.0,0.0,0.0,0.0,0.0,0.0,0.0,0.0,1.0,2.0,0.0,0.0,0.0,0.0,0.0,0.0,0.0,0.0,2.0,0.0,0.0,0.0,0.0,0.0,0.0,1.0,0.0,0.0,0.0,0.0,0.0,0.0,0.0,0.0,0.0,0.0,0.0,0.0,2.0,0.0,0.0,0.0,0.0,0.0,0.0,0.0,0.0,0.0,0.0,0.0,0.0,0.0,0.0,0.0,0.0,0.0,0.0,0.0,0.0,0.0,0.0,0.0,0.0,0.0,0.0
healthy,20.0,11.0,0.0,0.0,0.0,1.0,0.0,0.0,35.0,0.0,0.0,5.0,2.0,0.0,0.0,0.0,0.0,2.0,1.0,0.0,0.0,1.0,0.0,6.0,0.0,1.0,0.0,0.0,0.0,0.0,0.0,1.0,0.0,1.0,0.0,0.0,1.0,0.0,0.0,6.0,0.0,59.0,0.0,0.0,0.0,0.0,6.0,1.0,0.0,0.0,0.0,0.0,0.0,0.0,0.0,0.0,0.0,0.0,0.0,7.0,0.0,1.0,1.0,0.0,0.0,6.0,0.0,0.0,2.0,0.0,4.0,0.0,0.0,0.0,5.0,1.0,0.0,0.0,0.0,0.0,0.0,0.0,0.0,1.0,0.0,0.0,0.0,5.0,0.0,0.0,0.0,0.0,5.0,0.0,1.0,0.0,4.0,0.0,0.0,0.0,0.0,0.0,0.0,0.0,0.0,0.0,0.0,0.0,0.0,0.0,0.0,0.0,0.0,0.0,0.0,0.0,0.0,0.0,0.0,0.0,0.0,0.0,0.0,0.0,0.0,0.0,0.0,0.0,0.0,0.0,0.0,0.0,0.0,0.0,0.0,0.0,0.0,0.0,0.0,0.0
septic,64.0,0.0,0.0,0.0,0.0,0.0,3.0,1.0,3.0,1.0,0.0,90.0,0.0,0.0,0.0,0.0,1.0,0.0,0.0,0.0,3.0,0.0,0.0,8.0,0.0,0.0,357.0,0.0,0.0,0.0,0.0,0.0,0.0,0.0,1.0,0.0,1.0,0.0,0.0,2.0,0.0,136.0,0.0,0.0,0.0,0.0,18.0,0.0,0.0,1.0,1.0,0.0,0.0,0.0,0.0,0.0,7.0,0.0,0.0,35.0,0.0,5.0,0.0,0.0,2.0,29.0,0.0,0.0,37.0,6.0,6.0,3.0,17.0,0.0,9.0,5.0,0.0,0.0,0.0,0.0,2.0,2.0,1.0,1.0,2.0,0.0,0.0,1.0,0.0,0.0,0.0,1.0,0.0,2.0,0.0,0.0,0.0,1.0,1.0,2.0,3.0,0.0,0.0,0.0,0.0,0.0,0.0,0.0,0.0,0.0,0.0,2.0,0.0,0.0,0.0,1.0,0.0,0.0,1.0,0.0,0.0,4.0,0.0,0.0,0.0,0.0,0.0,0.0,0.0,0.0,0.0,0.0,0.0,0.0,0.0,0.0,0.0,0.0,0.0,0.0
healthy,22.0,3.0,46.0,0.0,0.0,4.0,1.0,0.0,13.0,0.0,0.0,14.0,3.0,0.0,0.0,0.0,2.0,20.0,9.0,0.0,3.0,0.0,0.0,8.0,0.0,0.0,4.0,0.0,7.0,178.0,2.0,5.0,0.0,0.0,2.0,0.0,6.0,0.0,4.0,2.0,0.0,87.0,0.0,0.0,0.0,2.0,3.0,0.0,0.0,0.0,1.0,0.0,0.0,0.0,0.0,0.0,0.0,0.0,3.0,9.0,0.0,1.0,0.0,0.0,0.0,7.0,0.0,0.0,0.0,0.0,3.0,2.0,2.0,0.0,4.0,2.0,0.0,0.0,0.0,0.0,0.0,0.0,0.0,1.0,0.0,0.0,0.0,0.0,0.0,0.0,0.0,1.0,12.0,0.0,3.0,0.0,0.0,0.0,0.0,0.0,0.0,0.0,0.0,1.0,0.0,0.0,0.0,0.0,0.0,0.0,0.0,0.0,0.0,0.0,0.0,0.0,0.0,0.0,1.0,0.0,0.0,0.0,0.0,0.0,0.0,1.0,0.0,0.0,0.0,0.0,0.0,0.0,0.0,0.0,0.0,0.0,0.0,0.0,0.0,0.0
septic,3.0,0.0,0.0,0.0,0.0,0.0,2.0,0.0,6.0,0.0,0.0,24.0,2.0,0.0,0.0,0.0,2.0,2.0,0.0,4.0,0.0,1.0,0.0,5.0,0.0,0.0,0.0,0.0,0.0,0.0,0.0,0.0,0.0,1.0,0.0,0.0,0.0,0.0,0.0,0.0,0.0,187.0,0.0,0.0,0.0,0.0,7.0,0.0,0.0,4.0,3.0,0.0,1.0,0.0,0.0,0.0,7.0,0.0,0.0,28.0,0.0,7.0,0.0,0.0,0.0,24.0,0.0,0.0,41.0,5.0,7.0,2.0,104.0,0.0,7.0,7.0,1.0,0.0,1.0,0.0,1.0,0.0,0.0,0.0,0.0,0.0,0.0,15.0,4.0,0.0,0.0,1.0,1.0,1.0,0.0,0.0,0.0,0.0,0.0,0.0,1.0,0.0,1.0,0.0,0.0,0.0,0.0,0.0,0.0,0.0,0.0,0.0,0.0,0.0,0.0,0.0,0.0,0.0,2.0,0.0,0.0,0.0,0.0,0.0,0.0,0.0,0.0,0.0,0.0,0.0,0.0,0.0,0.0,0.0,7.0,0.0,0.0,0.0,0.0,0.0
healthy,39.0,38.0,993.0,0.0,0.0,1.0,12.0,0.0,39.0,1.0,0.0,15.0,19.0,3.0,14.0,0.0,4.0,0.0,0.0,0.0,0.0,5.0,0.0,92.0,0.0,0.0,3.0,0.0,0.0,0.0,0.0,2.0,0.0,1.0,1.0,0.0,9.0,0.0,0.0,10.0,0.0,217.0,0.0,0.0,0.0,9.0,40.0,0.0,0.0,1.0,7.0,0.0,0.0,0.0,0.0,0.0,14.0,1.0,1.0,33.0,0.0,4.0,0.0,0.0,3.0,36.0,0.0,0.0,6.0,0.0,10.0,1.0,13.0,0.0,7.0,6.0,0.0,0.0,1.0,0.0,4.0,0.0,0.0,0.0,3.0,0.0,0.0,6.0,0.0,0.0,0.0,0.0,7.0,0.0,1.0,0.0,0.0,0.0,0.0,0.0,0.0,0.0,2.0,0.0,2.0,0.0,0.0,1.0,0.0,0.0,0.0,0.0,0.0,0.0,0.0,0.0,0.0,0.0,2.0,0.0,0.0,0.0,0.0,1.0,0.0,0.0,1.0,0.0,0.0,0.0,0.0,0.0,0.0,0.0,0.0,0.0,0.0,0.0,0.0,0.0
septic,12.0,0.0,2.0,0.0,1.0,0.0,11.0,0.0,6.0,0.0,0.0,29.0,3.0,0.0,0.0,0.0,13.0,2.0,2.0,0.0,0.0,4.0,0.0,10.0,0.0,1.0,0.0,0.0,0.0,0.0,0.0,2.0,0.0,1.0,0.0,0.0,0.0,0.0,0.0,4.0,0.0,219.0,0.0,0.0,0.0,0.0,25.0,1.0,0.0,0.0,1.0,0.0,0.0,0.0,0.0,0.0,0.0,0.0,0.0,147.0,0.0,43.0,0.0,0.0,5.0,169.0,0.0,0.0,43.0,26.0,214.0,9.0,45.0,4.0,30.0,24.0,0.0,0.0,1.0,0.0,11.0,0.0,4.0,6.0,1.0,1.0,0.0,1.0,0.0,0.0,0.0,0.0,1.0,1.0,4.0,0.0,0.0,0.0,0.0,0.0,0.0,1.0,4.0,0.0,0.0,0.0,0.0,0.0,0.0,0.0,0.0,0.0,0.0,1.0,0.0,1.0,0.0,0.0,0.0,0.0,0.0,0.0,0.0,2.0,0.0,0.0,0.0,0.0,0.0,0.0,0.0,0.0,0.0,0.0,0.0,0.0,1.0,0.0,0.0,0.0
healthy,33.0,10.0,1034.0,0.0,0.0,0.0,14.0,0.0,30.0,0.0,0.0,39.0,4.0,0.0,0.0,0.0,4.0,2.0,0.0,1.0,5.0,0.0,0.0,57.0,2.0,0.0,1.0,0.0,0.0,0.0,0.0,7.0,0.0,0.0,0.0,0.0,2.0,1.0,0.0,2.0,0.0,133.0,0.0,0.0,0.0,10.0,20.0,0.0,0.0,0.0,3.0,0.0,0.0,1.0,0.0,0.0,0.0,0.0,0.0,9.0,0.0,1.0,0.0,0.0,4.0,5.0,0.0,0.0,6.0,1.0,4.0,1.0,120.0,1.0,2.0,5.0,0.0,0.0,0.0,0.0,4.0,0.0,1.0,1.0,0.0,0.0,0.0,6.0,0.0,0.0,0.0,0.0,6.0,0.0,1.0,0.0,0.0,0.0,0.0,0.0,0.0,0.0,2.0,0.0,0.0,0.0,0.0,0.0,0.0,0.0,0.0,3.0,0.0,0.0,0.0,0.0,0.0,0.0,1.0,0.0,0.0,0.0,1.0,0.0,0.0,0.0,0.0,0.0,0.0,0.0,0.0,0.0,0.0,0.0,0.0,0.0,0.0,0.0,0.0,0.0
septic,9.0,0.0,4.0,0.0,0.0,0.0,435.0,0.0,10.0,7.0,2.0,19.0,16.0,0.0,0.0,1.0,138.0,1.0,0.0,0.0,0.0,1.0,0.0,2.0,0.0,0.0,0.0,0.0,0.0,0.0,1.0,6.0,0.0,0.0,0.0,1.0,0.0,0.0,0.0,0.0,0.0,105.0,0.0,0.0,0.0,1.0,2.0,0.0,0.0,0.0,1.0,0.0,0.0,0.0,0.0,0.0,7.0,0.0,1.0,17.0,0.0,1.0,0.0,0.0,2.0,8.0,0.0,0.0,18.0,1.0,3.0,2.0,9.0,0.0,8.0,8.0,0.0,0.0,0.0,0.0,0.0,1.0,0.0,0.0,2.0,1.0,0.0,1.0,0.0,0.0,0.0,0.0,0.0,2.0,0.0,0.0,0.0,0.0,0.0,0.0,0.0,1.0,0.0,0.0,0.0,0.0,0.0,0.0,0.0,0.0,0.0,0.0,3.0,0.0,0.0,1.0,0.0,0.0,1.0,0.0,0.0,1.0,0.0,0.0,0.0,0.0,1.0,0.0,0.0,0.0,0.0,0.0,0.0,0.0,0.0,0.0,0.0,0.0,0.0,0.0
healthy,163.0,3.0,436.0,0.0,0.0,15.0,8.0,1.0,311.0,1.0,1.0,151.0,19.0,4.0,8.0,0.0,21.0,2.0,6.0,1.0,0.0,3.0,1.0,61.0,4.0,1.0,1.0,0.0,2.0,0.0,2.0,16.0,0.0,11.0,2.0,0.0,0.0,2.0,1.0,61.0,0.0,842.0,0.0,1.0,0.0,49.0,18.0,0.0,0.0,28.0,92.0,0.0,3.0,0.0,1.0,0.0,14.0,10.0,0.0,45.0,0.0,12.0,0.0,0.0,18.0,29.0,0.0,0.0,38.0,9.0,8.0,4.0,77.0,0.0,16.0,12.0,0.0,0.0,0.0,0.0,306.0,6.0,0.0,0.0,0.0,0.0,0.0,233.0,0.0,0.0,0.0,7.0,34.0,3.0,3.0,0.0,0.0,0.0,1.0,0.0,0.0,0.0,0.0,1.0,0.0,0.0,0.0,43.0,2.0,0.0,2.0,3.0,0.0,0.0,0.0,8.0,0.0,0.0,154.0,0.0,0.0,2.0,2.0,0.0,0.0,0.0,1.0,0.0,2.0,0.0,3.0,0.0,0.0,0.0,0.0,0.0,4.0,0.0,0.0,0.0
septic,2.0,0.0,0.0,0.0,2.0,0.0,137.0,0.0,3.0,1.0,0.0,12.0,3.0,0.0,0.0,0.0,37.0,0.0,0.0,0.0,0.0,0.0,0.0,0.0,0.0,0.0,0.0,0.0,0.0,0.0,0.0,1.0,0.0,0.0,0.0,0.0,1.0,0.0,0.0,0.0,0.0,19.0,0.0,0.0,0.0,0.0,1.0,0.0,0.0,0.0,1.0,0.0,0.0,0.0,0.0,0.0,1.0,0.0,0.0,5.0,0.0,1.0,0.0,0.0,0.0,3.0,0.0,0.0,21.0,0.0,1.0,0.0,3.0,0.0,3.0,7.0,0.0,0.0,0.0,0.0,0.0,0.0,0.0,0.0,0.0,0.0,0.0,1.0,0.0,0.0,0.0,0.0,0.0,1.0,0.0,0.0,0.0,0.0,0.0,0.0,0.0,0.0,0.0,0.0,0.0,0.0,0.0,1.0,0.0,0.0,0.0,0.0,0.0,0.0,0.0,1.0,0.0,0.0,0.0,0.0,0.0,0.0,0.0,0.0,0.0,0.0,0.0,0.0,0.0,0.0,0.0,0.0,0.0,0.0,0.0,0.0,0.0,0.0,0.0,0.0
healthy,158.0,7.0,0.0,0.0,0.0,9.0,1.0,0.0,134.0,2.0,0.0,45.0,12.0,0.0,0.0,0.0,11.0,7.0,1.0,0.0,0.0,0.0,1.0,65.0,0.0,0.0,0.0,0.0,0.0,0.0,0.0,23.0,0.0,1.0,0.0,0.0,6.0,3.0,0.0,19.0,0.0,510.0,0.0,0.0,0.0,20.0,22.0,0.0,0.0,1.0,0.0,0.0,0.0,1.0,0.0,0.0,0.0,3.0,0.0,62.0,0.0,9.0,0.0,0.0,5.0,42.0,0.0,0.0,14.0,6.0,24.0,0.0,21.0,0.0,12.0,10.0,0.0,0.0,3.0,0.0,1.0,0.0,0.0,0.0,0.0,0.0,0.0,4.0,1.0,0.0,0.0,0.0,32.0,1.0,18.0,1.0,0.0,0.0,1.0,0.0,0.0,0.0,2.0,0.0,1.0,0.0,0.0,0.0,0.0,0.0,0.0,9.0,0.0,0.0,1.0,0.0,0.0,0.0,2.0,0.0,0.0,1.0,3.0,0.0,0.0,1.0,1.0,0.0,0.0,0.0,0.0,0.0,1.0,0.0,0.0,0.0,0.0,0.0,0.0,0.0
septic,4.0,3.0,1.0,0.0,0.0,0.0,274.0,0.0,11.0,6.0,0.0,7.0,5.0,0.0,0.0,0.0,95.0,0.0,0.0,0.0,0.0,0.0,0.0,0.0,0.0,0.0,727.0,0.0,0.0,0.0,1.0,0.0,0.0,0.0,0.0,0.0,0.0,0.0,0.0,0.0,0.0,39.0,0.0,0.0,0.0,1.0,2.0,0.0,0.0,0.0,5.0,0.0,0.0,0.0,0.0,0.0,2.0,0.0,0.0,2.0,0.0,0.0,0.0,0.0,0.0,0.0,0.0,0.0,16.0,0.0,0.0,0.0,0.0,0.0,1.0,0.0,0.0,0.0,0.0,0.0,1.0,24.0,0.0,1.0,0.0,0.0,0.0,1.0,0.0,0.0,0.0,1.0,0.0,2.0,0.0,0.0,0.0,0.0,0.0,0.0,1.0,0.0,0.0,0.0,0.0,0.0,0.0,0.0,0.0,0.0,0.0,0.0,0.0,0.0,0.0,0.0,0.0,0.0,0.0,0.0,0.0,0.0,0.0,0.0,0.0,0.0,0.0,0.0,0.0,0.0,0.0,0.0,0.0,0.0,0.0,0.0,0.0,0.0,0.0,0.0
healthy,90.0,2.0,1.0,0.0,0.0,4.0,0.0,1.0,89.0,0.0,1.0,20.0,12.0,15.0,0.0,0.0,7.0,9.0,10.0,1.0,0.0,0.0,0.0,38.0,0.0,0.0,2.0,0.0,1.0,0.0,1.0,117.0,0.0,0.0,0.0,1.0,2.0,1.0,1.0,13.0,0.0,367.0,0.0,0.0,0.0,16.0,4.0,0.0,0.0,0.0,0.0,0.0,0.0,1.0,0.0,0.0,0.0,1.0,0.0,36.0,0.0,9.0,0.0,0.0,1.0,32.0,0.0,0.0,7.0,3.0,10.0,6.0,16.0,0.0,7.0,11.0,0.0,0.0,1.0,0.0,0.0,0.0,1.0,0.0,0.0,0.0,0.0,0.0,0.0,0.0,0.0,0.0,32.0,0.0,6.0,0.0,0.0,0.0,0.0,0.0,0.0,0.0,0.0,0.0,0.0,0.0,1.0,0.0,0.0,0.0,0.0,3.0,0.0,0.0,0.0,0.0,0.0,0.0,2.0,1.0,0.0,0.0,2.0,0.0,0.0,0.0,2.0,0.0,0.0,0.0,0.0,0.0,0.0,0.0,0.0,0.0,0.0,0.0,0.0,0.0
healthy,34.0,0.0,1.0,0.0,0.0,2.0,0.0,0.0,69.0,0.0,0.0,8.0,5.0,0.0,77.0,0.0,0.0,0.0,1.0,0.0,0.0,3.0,1.0,5.0,0.0,0.0,0.0,0.0,2.0,0.0,0.0,228.0,0.0,0.0,0.0,4.0,1.0,0.0,0.0,13.0,0.0,378.0,0.0,0.0,0.0,2.0,2.0,0.0,1.0,0.0,0.0,0.0,0.0,0.0,0.0,0.0,0.0,0.0,0.0,23.0,0.0,4.0,0.0,0.0,0.0,15.0,0.0,0.0,3.0,0.0,3.0,1.0,6.0,0.0,1.0,11.0,0.0,0.0,0.0,0.0,1.0,0.0,0.0,0.0,1.0,0.0,0.0,4.0,0.0,0.0,0.0,0.0,2.0,0.0,2.0,0.0,0.0,0.0,0.0,0.0,0.0,2.0,0.0,0.0,0.0,0.0,0.0,0.0,0.0,0.0,0.0,0.0,0.0,0.0,0.0,0.0,0.0,0.0,0.0,0.0,0.0,1.0,0.0,1.0,1.0,0.0,2.0,0.0,0.0,0.0,0.0,0.0,0.0,0.0,0.0,0.0,0.0,0.0,0.0,0.0
septic,3.0,209.0,5.0,0.0,1.0,0.0,115.0,0.0,8.0,3.0,0.0,18.0,9.0,0.0,0.0,0.0,41.0,0.0,0.0,0.0,0.0,0.0,0.0,3.0,0.0,0.0,0.0,0.0,0.0,0.0,0.0,1.0,0.0,0.0,0.0,0.0,0.0,0.0,0.0,0.0,0.0,29.0,0.0,0.0,0.0,0.0,2.0,0.0,0.0,2.0,1.0,0.0,0.0,0.0,0.0,0.0,1.0,1.0,0.0,12.0,0.0,1.0,0.0,0.0,0.0,11.0,0.0,0.0,9.0,0.0,3.0,0.0,5.0,0.0,0.0,2.0,0.0,0.0,0.0,0.0,0.0,0.0,0.0,12.0,0.0,0.0,0.0,0.0,0.0,0.0,0.0,0.0,1.0,1.0,0.0,0.0,0.0,0.0,0.0,0.0,0.0,0.0,0.0,0.0,0.0,0.0,0.0,0.0,0.0,0.0,0.0,0.0,0.0,0.0,0.0,0.0,0.0,0.0,0.0,0.0,0.0,0.0,0.0,0.0,0.0,0.0,0.0,0.0,0.0,0.0,0.0,0.0,0.0,0.0,0.0,0.0,0.0,0.0,0.0,0.0
healthy,36.0,0.0,1.0,0.0,0.0,7.0,4.0,0.0,21.0,1.0,0.0,66.0,10.0,0.0,0.0,0.0,0.0,0.0,0.0,0.0,0.0,2.0,0.0,11.0,0.0,0.0,19.0,0.0,0.0,0.0,0.0,5.0,0.0,0.0,0.0,2.0,1.0,0.0,0.0,2.0,0.0,106.0,0.0,0.0,0.0,10.0,1.0,0.0,0.0,0.0,1.0,0.0,0.0,0.0,0.0,0.0,1.0,0.0,0.0,13.0,0.0,0.0,0.0,0.0,0.0,13.0,0.0,0.0,1.0,1.0,1.0,1.0,2.0,0.0,2.0,2.0,0.0,0.0,0.0,0.0,1.0,0.0,1.0,0.0,0.0,0.0,0.0,0.0,0.0,0.0,0.0,0.0,5.0,0.0,0.0,0.0,0.0,0.0,0.0,0.0,1.0,0.0,0.0,0.0,0.0,1.0,0.0,1.0,0.0,0.0,0.0,2.0,0.0,0.0,0.0,0.0,0.0,0.0,1.0,0.0,0.0,0.0,1.0,0.0,0.0,0.0,0.0,0.0,0.0,0.0,0.0,0.0,0.0,0.0,0.0,0.0,0.0,0.0,0.0,0.0
septic,5.0,0.0,6.0,0.0,1.0,0.0,281.0,0.0,15.0,6.0,2.0,18.0,17.0,0.0,0.0,0.0,90.0,0.0,1.0,0.0,0.0,0.0,0.0,0.0,0.0,0.0,0.0,0.0,0.0,0.0,0.0,1.0,0.0,0.0,0.0,0.0,1.0,0.0,0.0,0.0,0.0,30.0,0.0,0.0,0.0,0.0,2.0,0.0,0.0,0.0,0.0,0.0,0.0,0.0,0.0,1.0,0.0,0.0,0.0,29.0,0.0,5.0,0.0,0.0,2.0,20.0,0.0,0.0,14.0,0.0,3.0,2.0,5.0,0.0,5.0,10.0,0.0,0.0,0.0,0.0,3.0,0.0,0.0,0.0,0.0,0.0,0.0,1.0,0.0,0.0,0.0,0.0,0.0,0.0,0.0,0.0,0.0,1.0,0.0,0.0,0.0,0.0,0.0,0.0,0.0,0.0,0.0,0.0,0.0,0.0,0.0,0.0,0.0,0.0,0.0,0.0,0.0,0.0,0.0,0.0,0.0,0.0,0.0,0.0,0.0,0.0,0.0,0.0,0.0,0.0,0.0,0.0,0.0,0.0,0.0,0.0,0.0,0.0,0.0,0.0
healthy,30.0,2.0,1.0,0.0,0.0,1.0,0.0,0.0,41.0,0.0,0.0,72.0,4.0,0.0,10.0,0.0,0.0,0.0,0.0,0.0,0.0,0.0,0.0,13.0,0.0,0.0,0.0,0.0,0.0,0.0,0.0,4.0,0.0,1.0,0.0,0.0,2.0,0.0,0.0,6.0,0.0,122.0,0.0,0.0,0.0,6.0,41.0,0.0,0.0,0.0,0.0,0.0,0.0,0.0,0.0,0.0,0.0,0.0,0.0,18.0,0.0,5.0,0.0,0.0,1.0,15.0,0.0,1.0,1.0,0.0,3.0,5.0,326.0,0.0,6.0,12.0,0.0,0.0,0.0,0.0,19.0,0.0,0.0,0.0,0.0,0.0,0.0,0.0,0.0,0.0,0.0,0.0,12.0,0.0,1.0,0.0,0.0,0.0,0.0,0.0,0.0,0.0,0.0,2.0,0.0,0.0,0.0,0.0,0.0,1.0,0.0,2.0,0.0,0.0,0.0,0.0,0.0,0.0,0.0,0.0,0.0,0.0,0.0,0.0,1.0,0.0,0.0,0.0,0.0,0.0,0.0,0.0,0.0,0.0,0.0,0.0,0.0,0.0,0.0,0.0
septic,3.0,0.0,65.0,0.0,2.0,0.0,217.0,0.0,10.0,3.0,1.0,5.0,6.0,0.0,0.0,0.0,66.0,0.0,0.0,0.0,0.0,2.0,0.0,2.0,0.0,0.0,0.0,0.0,0.0,0.0,0.0,1.0,0.0,0.0,0.0,0.0,0.0,0.0,0.0,0.0,0.0,17.0,0.0,0.0,0.0,1.0,0.0,0.0,0.0,0.0,0.0,0.0,0.0,0.0,0.0,0.0,0.0,0.0,0.0,6.0,0.0,0.0,0.0,0.0,0.0,1.0,0.0,0.0,7.0,2.0,2.0,0.0,7.0,0.0,0.0,3.0,0.0,0.0,1.0,0.0,0.0,0.0,0.0,0.0,1.0,0.0,0.0,0.0,0.0,0.0,0.0,0.0,0.0,0.0,0.0,0.0,0.0,0.0,0.0,0.0,0.0,0.0,0.0,0.0,0.0,0.0,0.0,0.0,0.0,0.0,0.0,0.0,0.0,0.0,0.0,0.0,0.0,0.0,0.0,0.0,0.0,0.0,0.0,0.0,0.0,0.0,0.0,0.0,0.0,0.0,0.0,0.0,0.0,0.0,0.0,0.0,0.0,0.0,0.0,0.0
healthy,11.0,0.0,0.0,0.0,0.0,0.0,0.0,0.0,82.0,0.0,0.0,5.0,3.0,1.0,0.0,0.0,2.0,0.0,0.0,0.0,0.0,1.0,0.0,5.0,0.0,0.0,0.0,0.0,0.0,0.0,0.0,1.0,0.0,0.0,1.0,0.0,0.0,0.0,0.0,2.0,0.0,52.0,0.0,0.0,0.0,3.0,2.0,0.0,0.0,0.0,1.0,0.0,0.0,0.0,0.0,0.0,0.0,0.0,0.0,11.0,0.0,1.0,0.0,0.0,3.0,12.0,0.0,0.0,7.0,1.0,2.0,1.0,7.0,0.0,6.0,3.0,0.0,0.0,0.0,0.0,1.0,0.0,0.0,0.0,0.0,0.0,0.0,0.0,0.0,0.0,0.0,0.0,3.0,0.0,1.0,0.0,0.0,0.0,0.0,0.0,0.0,0.0,0.0,0.0,0.0,0.0,0.0,1.0,0.0,0.0,0.0,0.0,0.0,0.0,0.0,0.0,0.0,0.0,1.0,0.0,0.0,1.0,0.0,0.0,0.0,0.0,0.0,0.0,0.0,0.0,0.0,0.0,0.0,0.0,0.0,0.0,0.0,0.0,0.0,0.0
septic,3.0,0.0,4.0,0.0,2.0,0.0,183.0,0.0,4.0,7.0,0.0,1.0,4.0,1.0,0.0,0.0,50.0,0.0,0.0,0.0,0.0,0.0,0.0,0.0,0.0,0.0,0.0,0.0,0.0,0.0,0.0,2.0,0.0,0.0,0.0,0.0,0.0,0.0,0.0,0.0,0.0,55.0,0.0,0.0,0.0,0.0,0.0,0.0,0.0,0.0,0.0,0.0,0.0,0.0,0.0,0.0,0.0,0.0,0.0,7.0,0.0,0.0,0.0,0.0,0.0,7.0,0.0,0.0,17.0,2.0,0.0,0.0,2.0,0.0,1.0,0.0,0.0,0.0,0.0,0.0,3.0,0.0,0.0,1.0,0.0,0.0,0.0,0.0,0.0,0.0,0.0,0.0,0.0,0.0,0.0,0.0,0.0,0.0,0.0,0.0,0.0,0.0,0.0,0.0,0.0,0.0,0.0,0.0,0.0,0.0,0.0,0.0,0.0,1.0,0.0,0.0,0.0,0.0,0.0,0.0,0.0,0.0,0.0,0.0,0.0,0.0,0.0,0.0,0.0,0.0,0.0,0.0,0.0,0.0,0.0,0.0,0.0,0.0,0.0,0.0
healthy,19.0,0.0,25.0,0.0,0.0,0.0,2.0,0.0,11.0,0.0,0.0,21.0,2.0,0.0,0.0,0.0,2.0,1.0,1.0,0.0,0.0,0.0,0.0,3.0,0.0,0.0,0.0,0.0,0.0,0.0,0.0,4.0,0.0,0.0,0.0,0.0,3.0,0.0,0.0,3.0,0.0,41.0,0.0,0.0,0.0,1.0,0.0,0.0,0.0,0.0,0.0,0.0,0.0,0.0,0.0,0.0,0.0,0.0,0.0,6.0,0.0,2.0,0.0,0.0,0.0,6.0,0.0,0.0,0.0,1.0,0.0,1.0,0.0,0.0,0.0,0.0,0.0,0.0,0.0,0.0,1.0,0.0,0.0,0.0,0.0,0.0,0.0,0.0,0.0,0.0,0.0,0.0,3.0,0.0,1.0,0.0,0.0,0.0,0.0,0.0,0.0,0.0,0.0,0.0,0.0,0.0,0.0,0.0,0.0,0.0,0.0,0.0,0.0,0.0,0.0,0.0,0.0,0.0,0.0,0.0,0.0,0.0,0.0,0.0,0.0,0.0,0.0,0.0,0.0,0.0,0.0,0.0,0.0,0.0,0.0,0.0,9.0,0.0,0.0,0.0
healthy,48.0,0.0,3.0,0.0,0.0,2.0,0.0,2.0,53.0,0.0,0.0,26.0,11.0,0.0,0.0,0.0,4.0,0.0,1.0,0.0,0.0,0.0,0.0,40.0,0.0,0.0,0.0,0.0,0.0,0.0,0.0,10.0,0.0,3.0,0.0,0.0,0.0,0.0,0.0,13.0,0.0,174.0,0.0,1.0,0.0,5.0,5.0,0.0,0.0,0.0,0.0,0.0,0.0,0.0,0.0,0.0,0.0,0.0,0.0,22.0,0.0,5.0,0.0,0.0,2.0,20.0,0.0,0.0,1.0,6.0,1.0,3.0,10.0,0.0,4.0,0.0,0.0,0.0,1.0,0.0,0.0,0.0,1.0,1.0,1.0,0.0,0.0,0.0,0.0,0.0,0.0,0.0,13.0,0.0,3.0,0.0,0.0,0.0,0.0,0.0,0.0,0.0,0.0,1.0,0.0,0.0,0.0,0.0,0.0,0.0,0.0,2.0,0.0,0.0,0.0,0.0,0.0,0.0,0.0,0.0,0.0,1.0,0.0,0.0,0.0,0.0,2.0,0.0,0.0,0.0,0.0,0.0,0.0,0.0,0.0,0.0,0.0,0.0,0.0,0.0
septic,5.0,0.0,6.0,0.0,2.0,0.0,273.0,0.0,9.0,6.0,1.0,12.0,13.0,0.0,0.0,2.0,84.0,0.0,0.0,0.0,0.0,1.0,0.0,2.0,0.0,0.0,0.0,0.0,0.0,0.0,1.0,5.0,0.0,0.0,0.0,0.0,0.0,0.0,0.0,0.0,0.0,49.0,0.0,0.0,0.0,0.0,0.0,0.0,0.0,0.0,4.0,0.0,0.0,0.0,0.0,0.0,3.0,1.0,0.0,13.0,0.0,1.0,0.0,0.0,3.0,8.0,0.0,0.0,27.0,1.0,3.0,0.0,3.0,0.0,1.0,0.0,0.0,0.0,0.0,0.0,5.0,0.0,0.0,0.0,2.0,0.0,0.0,0.0,0.0,0.0,0.0,0.0,0.0,2.0,0.0,0.0,0.0,0.0,0.0,0.0,0.0,0.0,0.0,0.0,0.0,0.0,0.0,0.0,0.0,0.0,0.0,0.0,0.0,0.0,0.0,1.0,0.0,1.0,0.0,0.0,0.0,0.0,0.0,0.0,0.0,0.0,0.0,0.0,0.0,0.0,0.0,0.0,0.0,0.0,0.0,0.0,0.0,0.0,0.0,0.0
healthy,51.0,2.0,0.0,0.0,0.0,2.0,2.0,0.0,49.0,0.0,1.0,10.0,1.0,0.0,0.0,0.0,2.0,2.0,0.0,0.0,3.0,0.0,0.0,12.0,0.0,1.0,0.0,0.0,0.0,0.0,0.0,1.0,0.0,0.0,8.0,0.0,2.0,1.0,0.0,4.0,0.0,135.0,0.0,0.0,0.0,4.0,3.0,0.0,0.0,0.0,0.0,0.0,1.0,0.0,0.0,0.0,0.0,0.0,0.0,17.0,0.0,5.0,0.0,0.0,0.0,25.0,0.0,0.0,6.0,3.0,3.0,1.0,12.0,0.0,3.0,7.0,0.0,0.0,0.0,0.0,1.0,0.0,0.0,1.0,0.0,0.0,0.0,0.0,0.0,0.0,0.0,1.0,8.0,1.0,0.0,0.0,0.0,0.0,0.0,0.0,0.0,0.0,0.0,2.0,0.0,0.0,0.0,0.0,0.0,0.0,0.0,3.0,0.0,1.0,0.0,0.0,0.0,0.0,3.0,0.0,0.0,0.0,2.0,0.0,0.0,1.0,0.0,0.0,0.0,0.0,0.0,0.0,0.0,0.0,0.0,0.0,0.0,0.0,0.0,0.0
septic,3.0,0.0,240.0,1.0,2.0,0.0,250.0,1.0,18.0,7.0,0.0,15.0,18.0,0.0,0.0,0.0,78.0,0.0,0.0,0.0,0.0,0.0,0.0,6.0,0.0,0.0,0.0,0.0,0.0,0.0,1.0,320.0,0.0,0.0,0.0,0.0,2.0,0.0,0.0,0.0,0.0,23.0,0.0,0.0,0.0,1.0,10.0,0.0,0.0,0.0,0.0,0.0,0.0,0.0,0.0,0.0,0.0,0.0,0.0,10.0,0.0,1.0,0.0,0.0,0.0,10.0,0.0,0.0,17.0,0.0,1.0,1.0,33.0,0.0,3.0,8.0,0.0,0.0,0.0,0.0,86.0,0.0,0.0,0.0,0.0,0.0,0.0,0.0,0.0,0.0,0.0,0.0,0.0,1.0,0.0,0.0,0.0,0.0,0.0,0.0,2.0,9.0,0.0,0.0,0.0,0.0,0.0,0.0,0.0,0.0,0.0,0.0,0.0,0.0,0.0,0.0,0.0,0.0,2.0,0.0,0.0,0.0,0.0,0.0,0.0,0.0,0.0,0.0,0.0,0.0,0.0,0.0,0.0,0.0,0.0,0.0,0.0,0.0,0.0,0.0
septic,11.0,56.0,4.0,1.0,3.0,0.0,570.0,1.0,17.0,8.0,1.0,19.0,28.0,0.0,0.0,0.0,161.0,0.0,0.0,0.0,0.0,0.0,0.0,1.0,0.0,0.0,0.0,0.0,0.0,0.0,1.0,10.0,0.0,0.0,0.0,0.0,0.0,0.0,0.0,0.0,0.0,59.0,0.0,0.0,0.0,0.0,0.0,0.0,0.0,0.0,0.0,0.0,0.0,0.0,0.0,0.0,0.0,0.0,0.0,3.0,0.0,0.0,0.0,0.0,0.0,2.0,0.0,0.0,2.0,0.0,0.0,0.0,1.0,0.0,0.0,0.0,0.0,0.0,0.0,1.0,0.0,0.0,0.0,22.0,1.0,0.0,0.0,2.0,0.0,0.0,0.0,1.0,0.0,1.0,0.0,0.0,0.0,0.0,0.0,0.0,0.0,0.0,0.0,0.0,0.0,0.0,0.0,0.0,0.0,0.0,0.0,0.0,0.0,0.0,0.0,0.0,0.0,0.0,0.0,0.0,0.0,2.0,0.0,0.0,0.0,0.0,0.0,0.0,0.0,0.0,0.0,0.0,0.0,0.0,0.0,0.0,0.0,0.0,0.0,0.0
septic,8.0,0.0,12.0,1.0,9.0,0.0,1082.0,0.0,28.0,23.0,0.0,61.0,42.0,0.0,0.0,0.0,306.0,0.0,0.0,0.0,0.0,0.0,0.0,3.0,0.0,0.0,0.0,0.0,0.0,0.0,3.0,17.0,0.0,0.0,0.0,0.0,0.0,0.0,0.0,0.0,0.0,90.0,0.0,0.0,0.0,2.0,6.0,0.0,0.0,0.0,2.0,0.0,0.0,0.0,0.0,0.0,0.0,0.0,0.0,42.0,0.0,5.0,0.0,0.0,6.0,32.0,1.0,0.0,45.0,3.0,9.0,4.0,20.0,2.0,10.0,13.0,0.0,0.0,0.0,0.0,1.0,0.0,0.0,2.0,0.0,2.0,0.0,1.0,0.0,0.0,0.0,0.0,0.0,6.0,0.0,0.0,0.0,0.0,1.0,0.0,0.0,0.0,0.0,0.0,0.0,0.0,0.0,0.0,0.0,0.0,0.0,0.0,0.0,1.0,0.0,0.0,0.0,0.0,0.0,0.0,0.0,1.0,0.0,0.0,0.0,0.0,0.0,0.0,0.0,0.0,0.0,0.0,0.0,0.0,0.0,0.0,0.0,0.0,0.0,0.0
septic,3.0,78.0,7.0,1.0,6.0,0.0,545.0,0.0,18.0,8.0,1.0,17.0,19.0,0.0,0.0,0.0,139.0,0.0,0.0,0.0,0.0,1.0,0.0,12.0,0.0,0.0,0.0,0.0,0.0,0.0,0.0,6.0,1.0,0.0,1.0,0.0,0.0,0.0,0.0,0.0,0.0,25.0,0.0,0.0,0.0,1.0,1.0,0.0,0.0,0.0,0.0,0.0,0.0,0.0,0.0,0.0,0.0,0.0,0.0,17.0,0.0,3.0,0.0,0.0,1.0,21.0,0.0,0.0,41.0,1.0,1.0,3.0,10.0,0.0,5.0,1.0,0.0,0.0,0.0,0.0,0.0,0.0,0.0,0.0,1.0,0.0,0.0,0.0,0.0,0.0,0.0,0.0,0.0,0.0,0.0,0.0,0.0,0.0,0.0,0.0,1.0,0.0,0.0,0.0,0.0,0.0,0.0,0.0,0.0,0.0,0.0,0.0,0.0,0.0,0.0,1.0,0.0,0.0,0.0,0.0,0.0,0.0,0.0,0.0,0.0,0.0,0.0,0.0,0.0,0.0,0.0,0.0,0.0,0.0,0.0,0.0,0.0,0.0,0.0,0.0
septic,12.0,1.0,32.0,1.0,8.0,0.0,946.0,0.0,25.0,22.0,2.0,33.0,35.0,2.0,0.0,0.0,331.0,0.0,0.0,0.0,0.0,0.0,0.0,6.0,1.0,0.0,0.0,0.0,0.0,0.0,3.0,22.0,0.0,0.0,2.0,0.0,1.0,0.0,0.0,0.0,0.0,98.0,0.0,0.0,0.0,5.0,7.0,0.0,0.0,0.0,4.0,0.0,0.0,0.0,0.0,0.0,0.0,0.0,0.0,37.0,0.0,7.0,0.0,0.0,0.0,26.0,0.0,0.0,71.0,6.0,6.0,5.0,285.0,0.0,10.0,13.0,0.0,0.0,0.0,0.0,0.0,0.0,0.0,1.0,1.0,0.0,0.0,4.0,0.0,0.0,0.0,0.0,0.0,5.0,1.0,0.0,0.0,0.0,0.0,0.0,0.0,0.0,0.0,0.0,0.0,0.0,0.0,2.0,0.0,0.0,0.0,0.0,0.0,0.0,0.0,0.0,0.0,0.0,0.0,0.0,0.0,0.0,0.0,0.0,0.0,0.0,0.0,0.0,0.0,0.0,0.0,0.0,0.0,0.0,0.0,0.0,0.0,0.0,0.0,0.0
septic,1.0,1.0,10.0,0.0,0.0,0.0,176.0,0.0,3.0,8.0,0.0,10.0,13.0,0.0,71.0,0.0,68.0,0.0,0.0,0.0,0.0,0.0,0.0,0.0,0.0,0.0,0.0,0.0,0.0,0.0,1.0,1.0,0.0,0.0,0.0,0.0,0.0,0.0,0.0,0.0,0.0,24.0,0.0,0.0,0.0,0.0,2.0,0.0,0.0,0.0,1.0,0.0,0.0,0.0,1.0,0.0,0.0,0.0,0.0,11.0,0.0,2.0,0.0,0.0,1.0,9.0,0.0,0.0,15.0,1.0,2.0,0.0,4.0,1.0,4.0,2.0,0.0,0.0,0.0,0.0,2.0,0.0,0.0,1.0,2.0,0.0,0.0,0.0,0.0,0.0,0.0,0.0,0.0,1.0,0.0,0.0,0.0,0.0,0.0,0.0,1.0,0.0,0.0,0.0,0.0,0.0,0.0,0.0,0.0,0.0,0.0,0.0,0.0,0.0,0.0,0.0,0.0,0.0,0.0,0.0,0.0,0.0,0.0,0.0,0.0,0.0,0.0,0.0,0.0,0.0,0.0,0.0,0.0,0.0,0.0,0.0,0.0,0.0,0.0,0.0
septic,2.0,5.0,8.0,1.0,5.0,0.0,541.0,70.0,21.0,7.0,1.0,7.0,31.0,0.0,0.0,0.0,194.0,0.0,1.0,0.0,0.0,3.0,0.0,2.0,0.0,1.0,0.0,0.0,0.0,0.0,1.0,9.0,0.0,0.0,1.0,0.0,1.0,0.0,0.0,0.0,0.0,47.0,0.0,0.0,0.0,0.0,14.0,0.0,0.0,0.0,0.0,0.0,0.0,0.0,0.0,0.0,0.0,0.0,2.0,23.0,0.0,4.0,0.0,0.0,5.0,28.0,0.0,0.0,51.0,6.0,7.0,1.0,13.0,0.0,5.0,4.0,0.0,0.0,0.0,0.0,0.0,0.0,0.0,0.0,3.0,1.0,0.0,0.0,0.0,0.0,0.0,0.0,0.0,3.0,0.0,0.0,0.0,0.0,0.0,0.0,0.0,0.0,0.0,0.0,0.0,0.0,0.0,0.0,0.0,0.0,0.0,0.0,0.0,0.0,0.0,0.0,0.0,0.0,1.0,0.0,0.0,0.0,0.0,0.0,0.0,0.0,0.0,0.0,0.0,0.0,0.0,0.0,0.0,0.0,0.0,0.0,0.0,0.0,0.0,0.0
septic,8.0,0.0,6.0,1.0,3.0,0.0,604.0,0.0,20.0,9.0,0.0,21.0,27.0,0.0,0.0,0.0,202.0,0.0,0.0,0.0,0.0,7.0,0.0,8.0,0.0,1.0,0.0,0.0,0.0,0.0,2.0,10.0,0.0,3.0,0.0,0.0,0.0,0.0,0.0,0.0,0.0,57.0,0.0,0.0,0.0,2.0,14.0,0.0,0.0,0.0,1.0,0.0,1.0,0.0,0.0,0.0,1.0,0.0,2.0,151.0,1.0,15.0,0.0,0.0,2.0,59.0,0.0,0.0,116.0,6.0,109.0,4.0,30.0,0.0,20.0,15.0,0.0,0.0,0.0,0.0,0.0,0.0,0.0,1.0,2.0,0.0,0.0,0.0,0.0,0.0,0.0,0.0,0.0,6.0,0.0,0.0,0.0,0.0,0.0,0.0,0.0,0.0,0.0,0.0,0.0,0.0,0.0,1.0,0.0,0.0,0.0,0.0,0.0,0.0,0.0,0.0,0.0,0.0,2.0,0.0,0.0,0.0,0.0,0.0,0.0,0.0,0.0,0.0,0.0,0.0,0.0,0.0,0.0,0.0,0.0,0.0,0.0,0.0,0.0,0.0
septic,3.0,1.0,181.0,0.0,0.0,0.0,62.0,0.0,15.0,4.0,1.0,100.0,1.0,0.0,0.0,3.0,22.0,0.0,0.0,0.0,1.0,1.0,1.0,78.0,0.0,0.0,0.0,0.0,0.0,0.0,1.0,0.0,0.0,1.0,0.0,0.0,3.0,0.0,0.0,0.0,0.0,40.0,0.0,0.0,0.0,3.0,11.0,0.0,0.0,0.0,1.0,0.0,0.0,0.0,0.0,0.0,1.0,0.0,0.0,180.0,0.0,14.0,0.0,0.0,6.0,120.0,0.0,0.0,15.0,8.0,33.0,7.0,27.0,0.0,32.0,144.0,0.0,0.0,0.0,0.0,5.0,0.0,0.0,0.0,2.0,0.0,0.0,2.0,0.0,0.0,0.0,0.0,1.0,1.0,0.0,0.0,0.0,1.0,1.0,0.0,1.0,0.0,5.0,0.0,1.0,0.0,0.0,1.0,0.0,0.0,0.0,0.0,1.0,1.0,0.0,0.0,0.0,0.0,9.0,0.0,0.0,1.0,0.0,0.0,0.0,0.0,0.0,0.0,0.0,0.0,3.0,0.0,0.0,0.0,0.0,0.0,0.0,0.0,0.0,0.0
septic,1.0,0.0,4.0,0.0,1.0,0.0,73.0,3.0,1.0,2.0,0.0,2.0,3.0,0.0,2.0,0.0,24.0,0.0,0.0,0.0,0.0,0.0,0.0,3.0,0.0,0.0,0.0,0.0,0.0,0.0,0.0,0.0,0.0,0.0,0.0,0.0,6.0,0.0,0.0,0.0,0.0,22.0,0.0,0.0,1.0,5.0,5.0,0.0,0.0,0.0,3.0,0.0,0.0,0.0,0.0,0.0,0.0,0.0,0.0,71.0,0.0,4.0,0.0,0.0,4.0,49.0,0.0,1.0,15.0,1.0,11.0,1.0,37.0,0.0,13.0,18.0,0.0,0.0,1.0,0.0,0.0,0.0,1.0,0.0,0.0,0.0,0.0,0.0,0.0,0.0,0.0,1.0,0.0,0.0,0.0,0.0,0.0,0.0,0.0,0.0,0.0,0.0,0.0,0.0,0.0,0.0,0.0,1.0,0.0,0.0,0.0,0.0,0.0,0.0,0.0,0.0,0.0,2.0,0.0,0.0,0.0,0.0,0.0,0.0,0.0,0.0,5.0,0.0,0.0,0.0,3.0,0.0,0.0,0.0,0.0,0.0,0.0,0.0,0.0,0.0
septic,3.0,2.0,13.0,0.0,0.0,0.0,121.0,0.0,3.0,1.0,1.0,41.0,4.0,0.0,5.0,0.0,36.0,0.0,0.0,0.0,0.0,0.0,0.0,3.0,0.0,1.0,0.0,0.0,0.0,0.0,0.0,2.0,0.0,0.0,0.0,0.0,0.0,0.0,0.0,0.0,0.0,48.0,0.0,0.0,0.0,0.0,15.0,0.0,0.0,0.0,0.0,0.0,0.0,0.0,0.0,0.0,0.0,0.0,0.0,179.0,0.0,8.0,0.0,0.0,2.0,124.0,0.0,0.0,56.0,3.0,112.0,6.0,42.0,0.0,29.0,41.0,0.0,0.0,0.0,0.0,0.0,0.0,0.0,0.0,3.0,0.0,0.0,1.0,0.0,0.0,0.0,0.0,0.0,4.0,0.0,0.0,0.0,0.0,0.0,2.0,2.0,0.0,0.0,0.0,0.0,0.0,0.0,0.0,0.0,0.0,0.0,0.0,0.0,0.0,0.0,0.0,0.0,1.0,1.0,0.0,0.0,0.0,0.0,1.0,0.0,0.0,0.0,0.0,0.0,0.0,2.0,0.0,0.0,0.0,0.0,0.0,0.0,0.0,0.0,0.0
septic,7.0,0.0,14.0,1.0,3.0,0.0,461.0,0.0,11.0,8.0,1.0,75.0,20.0,0.0,1.0,0.0,132.0,0.0,3.0,2.0,0.0,0.0,0.0,9.0,0.0,0.0,3.0,0.0,0.0,0.0,1.0,4.0,0.0,1.0,2.0,1.0,0.0,1.0,1.0,0.0,0.0,185.0,0.0,0.0,0.0,0.0,44.0,0.0,0.0,4.0,0.0,0.0,0.0,0.0,0.0,0.0,0.0,0.0,2.0,346.0,0.0,42.0,0.0,0.0,42.0,219.0,0.0,0.0,96.0,24.0,57.0,22.0,108.0,0.0,80.0,110.0,0.0,0.0,1.0,0.0,4.0,1.0,1.0,2.0,10.0,3.0,0.0,10.0,0.0,0.0,0.0,0.0,0.0,1.0,0.0,0.0,0.0,0.0,0.0,0.0,4.0,0.0,0.0,0.0,0.0,0.0,1.0,0.0,0.0,0.0,0.0,0.0,0.0,8.0,0.0,4.0,0.0,0.0,6.0,0.0,0.0,1.0,0.0,0.0,0.0,0.0,5.0,0.0,0.0,0.0,0.0,0.0,0.0,0.0,0.0,0.0,0.0,0.0,0.0,0.0
septic,4.0,0.0,6.0,0.0,1.0,1.0,344.0,0.0,6.0,7.0,0.0,3.0,22.0,4.0,0.0,0.0,89.0,0.0,1.0,3.0,0.0,0.0,0.0,7.0,0.0,0.0,0.0,0.0,0.0,0.0,0.0,2.0,0.0,0.0,1.0,0.0,0.0,0.0,0.0,0.0,0.0,161.0,0.0,0.0,0.0,4.0,38.0,0.0,0.0,4.0,12.0,0.0,0.0,0.0,0.0,0.0,0.0,3.0,0.0,332.0,0.0,36.0,0.0,0.0,4.0,234.0,0.0,0.0,62.0,14.0,87.0,22.0,50.0,1.0,57.0,67.0,0.0,0.0,0.0,0.0,1.0,1.0,1.0,0.0,1.0,1.0,0.0,14.0,0.0,0.0,0.0,1.0,0.0,2.0,0.0,1.0,0.0,0.0,0.0,0.0,0.0,0.0,0.0,0.0,0.0,0.0,0.0,4.0,0.0,0.0,0.0,0.0,0.0,0.0,0.0,0.0,0.0,0.0,5.0,0.0,2.0,0.0,0.0,0.0,0.0,0.0,0.0,0.0,0.0,0.0,3.0,0.0,0.0,0.0,0.0,0.0,0.0,0.0,0.0,0.0
septic,1.0,0.0,3.0,3.0,0.0,0.0,466.0,0.0,15.0,9.0,0.0,283.0,17.0,0.0,0.0,0.0,108.0,2.0,1.0,0.0,1.0,1.0,0.0,2.0,0.0,0.0,0.0,0.0,0.0,0.0,0.0,5.0,0.0,2.0,0.0,0.0,0.0,1.0,0.0,0.0,0.0,102.0,0.0,0.0,0.0,36.0,52.0,0.0,0.0,1.0,10.0,2.0,0.0,0.0,0.0,2.0,1.0,0.0,3.0,296.0,0.0,27.0,1.0,0.0,4.0,228.0,1.0,0.0,23.0,13.0,61.0,16.0,272.0,0.0,62.0,99.0,2.0,0.0,0.0,0.0,2.0,0.0,0.0,1.0,0.0,0.0,0.0,11.0,0.0,0.0,0.0,0.0,0.0,0.0,1.0,0.0,0.0,0.0,0.0,0.0,0.0,0.0,0.0,0.0,0.0,0.0,0.0,1.0,1.0,0.0,0.0,0.0,2.0,2.0,0.0,0.0,0.0,0.0,0.0,0.0,0.0,0.0,0.0,0.0,0.0,0.0,0.0,0.0,0.0,0.0,4.0,0.0,0.0,0.0,0.0,0.0,0.0,0.0,0.0,0.0
septic,0.0,1.0,1.0,0.0,2.0,0.0,217.0,0.0,5.0,4.0,1.0,5.0,11.0,0.0,9.0,0.0,65.0,0.0,0.0,0.0,0.0,1.0,0.0,18.0,0.0,0.0,0.0,0.0,0.0,0.0,0.0,5.0,0.0,4.0,0.0,0.0,0.0,0.0,0.0,0.0,0.0,341.0,0.0,0.0,0.0,7.0,10.0,0.0,0.0,6.0,21.0,0.0,0.0,0.0,0.0,0.0,2.0,3.0,0.0,81.0,293.0,13.0,0.0,0.0,7.0,56.0,0.0,0.0,15.0,7.0,30.0,5.0,16.0,0.0,18.0,23.0,0.0,0.0,0.0,0.0,1.0,0.0,1.0,0.0,2.0,2.0,0.0,29.0,0.0,0.0,0.0,2.0,0.0,0.0,0.0,0.0,0.0,0.0,0.0,1.0,1.0,0.0,0.0,0.0,0.0,0.0,0.0,4.0,0.0,1.0,0.0,0.0,0.0,1.0,0.0,1.0,0.0,0.0,2.0,0.0,0.0,0.0,0.0,0.0,0.0,0.0,0.0,0.0,0.0,0.0,5.0,0.0,0.0,0.0,0.0,0.0,1.0,0.0,0.0,0.0
septic,7.0,1.0,126.0,1.0,1.0,0.0,436.0,0.0,16.0,6.0,0.0,394.0,13.0,0.0,11.0,0.0,188.0,0.0,0.0,1.0,0.0,1.0,0.0,8.0,0.0,0.0,0.0,0.0,0.0,0.0,1.0,15.0,0.0,0.0,2.0,0.0,1.0,0.0,0.0,0.0,0.0,146.0,0.0,0.0,0.0,0.0,33.0,0.0,0.0,0.0,3.0,0.0,0.0,0.0,0.0,0.0,0.0,0.0,0.0,270.0,0.0,49.0,0.0,0.0,7.0,221.0,0.0,0.0,32.0,28.0,56.0,16.0,930.0,1.0,73.0,81.0,0.0,0.0,3.0,1.0,1.0,0.0,0.0,1.0,4.0,1.0,0.0,5.0,0.0,0.0,0.0,0.0,0.0,3.0,1.0,0.0,0.0,2.0,0.0,0.0,0.0,0.0,0.0,0.0,0.0,0.0,0.0,0.0,0.0,0.0,0.0,0.0,0.0,6.0,0.0,3.0,0.0,0.0,0.0,0.0,0.0,0.0,0.0,0.0,2.0,0.0,0.0,0.0,0.0,0.0,5.0,0.0,0.0,0.0,0.0,0.0,0.0,0.0,0.0,0.0
septic,1.0,175.0,1.0,0.0,0.0,0.0,93.0,0.0,2.0,3.0,0.0,5.0,4.0,0.0,0.0,0.0,16.0,1.0,0.0,0.0,0.0,0.0,0.0,2.0,0.0,0.0,0.0,0.0,0.0,0.0,0.0,3.0,0.0,1.0,0.0,0.0,1.0,0.0,0.0,0.0,0.0,29.0,0.0,0.0,0.0,8.0,8.0,0.0,0.0,1.0,7.0,0.0,0.0,0.0,0.0,0.0,0.0,0.0,0.0,59.0,0.0,6.0,0.0,0.0,1.0,72.0,0.0,0.0,6.0,1.0,22.0,8.0,13.0,0.0,7.0,29.0,0.0,0.0,0.0,0.0,2.0,0.0,1.0,1.0,0.0,0.0,0.0,1.0,0.0,0.0,0.0,0.0,0.0,0.0,0.0,0.0,0.0,0.0,0.0,0.0,0.0,0.0,0.0,0.0,0.0,0.0,0.0,1.0,0.0,0.0,0.0,0.0,0.0,0.0,0.0,0.0,0.0,0.0,0.0,0.0,0.0,1.0,0.0,0.0,0.0,0.0,0.0,0.0,0.0,0.0,5.0,0.0,0.0,0.0,0.0,0.0,0.0,0.0,0.0,0.0
septic,0.0,0.0,2.0,0.0,4.0,0.0,239.0,0.0,5.0,2.0,0.0,6.0,14.0,0.0,0.0,0.0,70.0,1.0,1.0,1.0,0.0,0.0,0.0,6.0,1.0,0.0,1.0,0.0,0.0,0.0,0.0,4.0,0.0,3.0,0.0,0.0,0.0,0.0,0.0,0.0,0.0,52.0,0.0,0.0,0.0,0.0,17.0,1.0,1.0,0.0,8.0,0.0,0.0,0.0,0.0,1.0,1.0,0.0,0.0,63.0,0.0,12.0,0.0,0.0,0.0,57.0,0.0,0.0,16.0,2.0,14.0,1.0,276.0,0.0,9.0,36.0,0.0,0.0,0.0,0.0,0.0,0.0,0.0,0.0,0.0,0.0,0.0,2.0,0.0,0.0,0.0,0.0,0.0,0.0,0.0,0.0,0.0,0.0,0.0,0.0,1.0,0.0,0.0,0.0,0.0,0.0,0.0,0.0,1.0,0.0,0.0,0.0,0.0,0.0,0.0,0.0,0.0,0.0,0.0,0.0,0.0,0.0,0.0,0.0,0.0,0.0,0.0,0.0,0.0,0.0,4.0,0.0,0.0,0.0,0.0,0.0,0.0,0.0,0.0,0.0
septic,7.0,323.0,6.0,0.0,5.0,0.0,861.0,0.0,45.0,14.0,0.0,25.0,53.0,0.0,0.0,0.0,238.0,0.0,13.0,0.0,4.0,1.0,0.0,14.0,0.0,2.0,470.0,0.0,0.0,1.0,2.0,10.0,0.0,2.0,0.0,0.0,1.0,0.0,3.0,0.0,0.0,165.0,0.0,0.0,1.0,10.0,10.0,0.0,0.0,0.0,12.0,0.0,0.0,0.0,0.0,2.0,0.0,0.0,0.0,129.0,0.0,18.0,0.0,0.0,1.0,123.0,0.0,0.0,11.0,3.0,281.0,9.0,41.0,0.0,20.0,50.0,0.0,0.0,0.0,0.0,13.0,4.0,1.0,0.0,2.0,0.0,0.0,3.0,0.0,0.0,0.0,0.0,0.0,0.0,0.0,0.0,0.0,1.0,0.0,0.0,0.0,0.0,0.0,1.0,0.0,0.0,0.0,1.0,0.0,0.0,0.0,0.0,1.0,0.0,0.0,0.0,0.0,0.0,0.0,1.0,0.0,1.0,0.0,0.0,0.0,0.0,2.0,0.0,0.0,0.0,6.0,0.0,0.0,0.0,0.0,0.0,0.0,0.0,0.0,0.0
septic,6.0,2.0,15.0,0.0,1.0,0.0,603.0,0.0,43.0,12.0,2.0,32.0,20.0,0.0,0.0,0.0,140.0,0.0,16.0,1.0,2.0,0.0,0.0,23.0,0.0,1.0,0.0,0.0,0.0,0.0,1.0,10.0,0.0,2.0,0.0,0.0,0.0,0.0,12.0,0.0,0.0,167.0,0.0,0.0,0.0,8.0,10.0,0.0,0.0,3.0,21.0,0.0,0.0,0.0,0.0,0.0,0.0,3.0,0.0,83.0,0.0,9.0,1.0,0.0,4.0,67.0,0.0,0.0,15.0,5.0,21.0,4.0,26.0,0.0,18.0,59.0,0.0,0.0,0.0,0.0,1.0,0.0,0.0,1.0,0.0,0.0,0.0,4.0,0.0,0.0,0.0,0.0,0.0,1.0,1.0,0.0,0.0,0.0,0.0,0.0,1.0,0.0,1.0,0.0,1.0,0.0,0.0,0.0,1.0,0.0,0.0,0.0,0.0,0.0,0.0,0.0,0.0,0.0,0.0,0.0,0.0,0.0,0.0,0.0,0.0,0.0,0.0,0.0,0.0,0.0,2.0,0.0,0.0,0.0,0.0,0.0,0.0,0.0,0.0,0.0
septic,4.0,0.0,5.0,0.0,3.0,0.0,399.0,3.0,22.0,7.0,0.0,12.0,18.0,2.0,8.0,1.0,122.0,0.0,2.0,0.0,1.0,0.0,0.0,9.0,0.0,0.0,0.0,0.0,0.0,0.0,0.0,11.0,0.0,0.0,0.0,0.0,3.0,0.0,0.0,0.0,0.0,59.0,0.0,0.0,1.0,0.0,5.0,0.0,0.0,3.0,5.0,0.0,0.0,0.0,0.0,0.0,0.0,8.0,3.0,28.0,0.0,7.0,0.0,0.0,6.0,26.0,0.0,0.0,6.0,6.0,7.0,2.0,18.0,0.0,5.0,4.0,0.0,0.0,1.0,0.0,0.0,0.0,0.0,1.0,0.0,2.0,0.0,4.0,0.0,0.0,0.0,0.0,0.0,0.0,0.0,0.0,0.0,0.0,0.0,0.0,0.0,3.0,1.0,0.0,0.0,0.0,1.0,0.0,0.0,0.0,0.0,0.0,0.0,0.0,0.0,0.0,0.0,0.0,1.0,0.0,0.0,0.0,0.0,0.0,0.0,0.0,0.0,0.0,0.0,0.0,0.0,0.0,0.0,0.0,0.0,0.0,0.0,0.0,1.0,0.0
septic,0.0,0.0,3.0,2.0,1.0,0.0,168.0,0.0,6.0,5.0,0.0,67.0,5.0,0.0,0.0,0.0,48.0,0.0,1.0,0.0,0.0,0.0,0.0,1.0,0.0,0.0,32.0,0.0,0.0,0.0,0.0,0.0,0.0,1.0,0.0,0.0,0.0,0.0,0.0,0.0,0.0,24.0,0.0,0.0,0.0,0.0,3.0,0.0,0.0,0.0,1.0,0.0,0.0,0.0,0.0,0.0,0.0,0.0,0.0,35.0,0.0,5.0,0.0,0.0,0.0,25.0,0.0,0.0,4.0,1.0,4.0,2.0,12.0,11.0,5.0,21.0,0.0,0.0,0.0,0.0,0.0,0.0,0.0,0.0,1.0,0.0,0.0,0.0,0.0,0.0,0.0,0.0,0.0,0.0,0.0,0.0,0.0,0.0,0.0,0.0,0.0,0.0,0.0,0.0,0.0,0.0,0.0,3.0,0.0,0.0,0.0,0.0,0.0,0.0,0.0,0.0,0.0,0.0,0.0,0.0,0.0,0.0,0.0,0.0,0.0,0.0,0.0,0.0,0.0,0.0,0.0,0.0,0.0,0.0,0.0,0.0,0.0,0.0,0.0,0.0
septic,8.0,2.0,7.0,1.0,11.0,0.0,836.0,0.0,29.0,18.0,1.0,27.0,23.0,0.0,0.0,0.0,219.0,1.0,6.0,0.0,1.0,0.0,0.0,6.0,0.0,0.0,0.0,0.0,0.0,1.0,2.0,27.0,0.0,0.0,0.0,0.0,0.0,0.0,1.0,0.0,1.0,109.0,0.0,0.0,0.0,4.0,18.0,1.0,1.0,1.0,7.0,0.0,0.0,0.0,0.0,0.0,0.0,0.0,0.0,100.0,0.0,14.0,0.0,0.0,0.0,126.0,0.0,0.0,17.0,7.0,65.0,7.0,32.0,0.0,17.0,31.0,0.0,1.0,0.0,0.0,6.0,0.0,1.0,2.0,0.0,0.0,0.0,4.0,0.0,0.0,0.0,1.0,0.0,0.0,0.0,1.0,0.0,0.0,0.0,0.0,0.0,3.0,0.0,0.0,0.0,0.0,0.0,1.0,0.0,0.0,0.0,0.0,0.0,0.0,0.0,0.0,0.0,2.0,3.0,0.0,0.0,0.0,0.0,0.0,0.0,0.0,1.0,0.0,0.0,0.0,1.0,0.0,1.0,0.0,0.0,0.0,0.0,2.0,0.0,0.0
septic,7.0,0.0,5.0,0.0,0.0,0.0,523.0,1.0,32.0,11.0,3.0,112.0,26.0,0.0,21.0,0.0,159.0,2.0,11.0,0.0,5.0,1.0,1.0,22.0,0.0,0.0,951.0,0.0,0.0,0.0,1.0,8.0,0.0,2.0,0.0,0.0,2.0,0.0,0.0,0.0,0.0,137.0,0.0,0.0,0.0,2.0,22.0,0.0,0.0,0.0,14.0,0.0,0.0,0.0,0.0,0.0,0.0,0.0,0.0,178.0,0.0,26.0,0.0,0.0,1.0,154.0,0.0,0.0,10.0,9.0,62.0,19.0,36.0,0.0,47.0,58.0,0.0,0.0,0.0,0.0,1.0,2.0,1.0,1.0,0.0,0.0,0.0,12.0,0.0,0.0,0.0,0.0,0.0,0.0,0.0,0.0,0.0,0.0,0.0,0.0,0.0,0.0,0.0,0.0,0.0,0.0,0.0,6.0,0.0,0.0,1.0,0.0,0.0,0.0,0.0,0.0,0.0,0.0,0.0,0.0,0.0,0.0,0.0,2.0,0.0,0.0,0.0,0.0,1.0,0.0,5.0,0.0,0.0,0.0,0.0,0.0,0.0,0.0,0.0,0.0
septic,4.0,1.0,8.0,1.0,0.0,0.0,509.0,1.0,29.0,7.0,1.0,20.0,25.0,0.0,1325.0,1.0,119.0,0.0,2.0,1671.0,3.0,0.0,0.0,5.0,0.0,0.0,0.0,0.0,0.0,0.0,0.0,10.0,0.0,0.0,0.0,0.0,0.0,0.0,0.0,0.0,0.0,144.0,0.0,0.0,0.0,0.0,36.0,0.0,0.0,2.0,10.0,0.0,0.0,0.0,0.0,0.0,13.0,4.0,5.0,321.0,0.0,43.0,0.0,0.0,2.0,250.0,0.0,0.0,77.0,10.0,43.0,18.0,110.0,0.0,50.0,118.0,0.0,0.0,0.0,0.0,2.0,0.0,2.0,2.0,1.0,0.0,0.0,5.0,0.0,0.0,0.0,2.0,0.0,2.0,0.0,0.0,0.0,0.0,0.0,0.0,2.0,0.0,0.0,0.0,0.0,0.0,0.0,0.0,0.0,0.0,0.0,0.0,0.0,0.0,0.0,0.0,0.0,5.0,4.0,0.0,0.0,0.0,0.0,0.0,0.0,0.0,0.0,0.0,0.0,0.0,0.0,0.0,0.0,0.0,0.0,0.0,0.0,0.0,0.0,0.0
septic,8.0,4.0,9.0,6.0,8.0,0.0,564.0,1.0,25.0,14.0,0.0,20.0,37.0,0.0,160.0,0.0,151.0,0.0,1.0,0.0,0.0,1.0,0.0,7.0,0.0,1.0,5.0,0.0,0.0,0.0,1.0,9.0,0.0,1.0,0.0,0.0,2.0,0.0,0.0,0.0,0.0,129.0,0.0,0.0,0.0,0.0,23.0,0.0,0.0,0.0,9.0,0.0,0.0,0.0,0.0,1.0,0.0,0.0,1.0,214.0,0.0,20.0,0.0,0.0,3.0,161.0,0.0,0.0,23.0,7.0,40.0,16.0,38.0,0.0,23.0,51.0,0.0,0.0,1.0,0.0,6.0,0.0,0.0,0.0,4.0,0.0,0.0,2.0,0.0,0.0,0.0,0.0,0.0,0.0,0.0,0.0,0.0,0.0,0.0,0.0,1.0,0.0,0.0,0.0,0.0,0.0,0.0,0.0,0.0,0.0,0.0,0.0,0.0,5.0,0.0,0.0,0.0,0.0,0.0,0.0,0.0,0.0,0.0,0.0,0.0,0.0,3.0,0.0,0.0,0.0,1.0,0.0,0.0,0.0,0.0,0.0,0.0,0.0,0.0,0.0
septic,7.0,4.0,6.0,2.0,0.0,0.0,218.0,0.0,12.0,4.0,0.0,5.0,11.0,2.0,485.0,2.0,88.0,0.0,1.0,0.0,0.0,0.0,0.0,3.0,0.0,0.0,0.0,0.0,0.0,0.0,0.0,1.0,0.0,2.0,0.0,1.0,1.0,0.0,0.0,0.0,0.0,79.0,0.0,0.0,0.0,0.0,27.0,0.0,1.0,1.0,5.0,0.0,0.0,0.0,0.0,0.0,9.0,3.0,1.0,135.0,0.0,19.0,0.0,0.0,4.0,95.0,0.0,0.0,43.0,4.0,21.0,26.0,203.0,0.0,19.0,28.0,0.0,0.0,0.0,0.0,0.0,2.0,2.0,0.0,2.0,0.0,0.0,4.0,0.0,0.0,0.0,1.0,0.0,0.0,0.0,0.0,0.0,0.0,0.0,0.0,0.0,6.0,0.0,0.0,0.0,0.0,0.0,0.0,0.0,0.0,0.0,0.0,1.0,1.0,0.0,1.0,1.0,0.0,3.0,0.0,0.0,0.0,0.0,0.0,0.0,0.0,1.0,0.0,0.0,0.0,3.0,0.0,0.0,0.0,9.0,0.0,0.0,0.0,0.0,0.0
septic,8.0,0.0,4.0,0.0,4.0,3.0,697.0,2.0,35.0,6.0,3.0,28.0,27.0,0.0,0.0,0.0,191.0,0.0,1.0,0.0,0.0,14.0,0.0,21.0,0.0,0.0,1.0,0.0,0.0,0.0,0.0,6.0,0.0,0.0,0.0,0.0,1.0,0.0,0.0,0.0,0.0,426.0,0.0,0.0,0.0,0.0,18.0,0.0,0.0,2.0,0.0,0.0,0.0,0.0,0.0,0.0,0.0,0.0,2.0,216.0,0.0,31.0,0.0,0.0,4.0,181.0,0.0,0.0,22.0,5.0,33.0,8.0,47.0,0.0,48.0,63.0,0.0,0.0,0.0,0.0,1.0,0.0,0.0,67.0,1.0,1.0,0.0,4.0,0.0,0.0,0.0,0.0,0.0,1.0,0.0,0.0,0.0,1.0,0.0,0.0,0.0,0.0,0.0,0.0,0.0,0.0,0.0,0.0,0.0,0.0,0.0,1.0,0.0,1.0,0.0,1.0,0.0,0.0,5.0,0.0,0.0,0.0,0.0,0.0,0.0,0.0,0.0,0.0,0.0,0.0,2.0,0.0,0.0,0.0,0.0,0.0,0.0,0.0,0.0,0.0
septic,3.0,0.0,1009.0,4.0,5.0,0.0,223.0,0.0,70.0,1.0,1.0,17.0,8.0,0.0,0.0,0.0,80.0,1.0,1.0,0.0,0.0,1.0,0.0,810.0,0.0,0.0,1450.0,0.0,0.0,0.0,3.0,1231.0,0.0,0.0,0.0,0.0,1.0,1.0,0.0,0.0,0.0,93.0,0.0,0.0,0.0,0.0,34.0,0.0,0.0,0.0,4.0,0.0,0.0,0.0,0.0,0.0,1.0,0.0,0.0,96.0,0.0,11.0,0.0,0.0,7.0,65.0,0.0,0.0,15.0,3.0,19.0,7.0,20.0,0.0,13.0,24.0,0.0,0.0,0.0,0.0,83.0,0.0,0.0,0.0,2.0,1.0,0.0,10.0,1.0,0.0,0.0,0.0,0.0,1.0,0.0,0.0,0.0,0.0,0.0,0.0,0.0,0.0,0.0,0.0,0.0,0.0,0.0,0.0,0.0,0.0,0.0,0.0,0.0,0.0,0.0,0.0,0.0,0.0,3.0,0.0,0.0,0.0,0.0,0.0,0.0,0.0,0.0,0.0,0.0,0.0,2.0,0.0,0.0,1.0,0.0,0.0,0.0,0.0,0.0,0.0
septic,2.0,0.0,5.0,0.0,1.0,0.0,243.0,0.0,13.0,3.0,2.0,25.0,12.0,0.0,0.0,0.0,72.0,0.0,0.0,0.0,0.0,0.0,0.0,0.0,0.0,0.0,0.0,0.0,0.0,0.0,1.0,2.0,0.0,1.0,0.0,0.0,1.0,0.0,0.0,0.0,0.0,113.0,0.0,0.0,0.0,0.0,47.0,0.0,0.0,8.0,2.0,0.0,0.0,0.0,0.0,0.0,0.0,0.0,0.0,381.0,0.0,58.0,0.0,0.0,1.0,243.0,0.0,0.0,19.0,30.0,73.0,24.0,1295.0,2.0,27.0,74.0,0.0,0.0,1.0,0.0,22.0,0.0,9.0,6.0,2.0,0.0,0.0,4.0,0.0,0.0,0.0,0.0,0.0,1.0,0.0,0.0,0.0,0.0,1.0,0.0,3.0,0.0,0.0,0.0,0.0,0.0,0.0,0.0,0.0,0.0,0.0,0.0,1.0,0.0,0.0,0.0,0.0,0.0,9.0,0.0,0.0,0.0,0.0,0.0,0.0,0.0,0.0,0.0,0.0,0.0,0.0,0.0,0.0,0.0,0.0,0.0,0.0,0.0,0.0,0.0
septic,4.0,0.0,568.0,0.0,6.0,0.0,560.0,0.0,18.0,14.0,1.0,18.0,28.0,0.0,1.0,0.0,152.0,7.0,2.0,0.0,0.0,0.0,0.0,3.0,0.0,0.0,0.0,0.0,1.0,0.0,2.0,13.0,0.0,0.0,0.0,0.0,0.0,0.0,0.0,0.0,0.0,100.0,0.0,0.0,0.0,2.0,13.0,2.0,0.0,0.0,0.0,0.0,0.0,0.0,0.0,0.0,0.0,0.0,0.0,53.0,0.0,12.0,0.0,0.0,4.0,61.0,0.0,0.0,54.0,8.0,11.0,6.0,14.0,0.0,16.0,15.0,0.0,0.0,0.0,0.0,8.0,0.0,1.0,2.0,0.0,0.0,0.0,5.0,0.0,0.0,0.0,0.0,0.0,2.0,0.0,0.0,0.0,1.0,0.0,0.0,0.0,0.0,0.0,0.0,0.0,0.0,0.0,0.0,0.0,0.0,0.0,0.0,0.0,0.0,0.0,0.0,0.0,0.0,1.0,0.0,0.0,0.0,0.0,0.0,0.0,0.0,0.0,2.0,0.0,0.0,4.0,0.0,0.0,0.0,0.0,0.0,0.0,0.0,0.0,0.0
septic,6.0,0.0,3.0,1.0,2.0,0.0,254.0,0.0,11.0,5.0,0.0,8.0,14.0,0.0,2.0,0.0,61.0,0.0,0.0,0.0,0.0,8.0,0.0,21.0,0.0,0.0,1904.0,0.0,0.0,0.0,0.0,3.0,0.0,0.0,0.0,0.0,0.0,0.0,0.0,0.0,0.0,28.0,0.0,0.0,1.0,4.0,18.0,0.0,0.0,0.0,6.0,0.0,0.0,0.0,0.0,0.0,0.0,0.0,0.0,65.0,0.0,15.0,0.0,0.0,4.0,45.0,0.0,0.0,19.0,9.0,14.0,5.0,22.0,2.0,15.0,3.0,0.0,0.0,0.0,0.0,3.0,1.0,0.0,0.0,3.0,0.0,0.0,1.0,0.0,0.0,0.0,2.0,0.0,0.0,0.0,0.0,0.0,0.0,0.0,0.0,0.0,0.0,0.0,0.0,0.0,0.0,0.0,1.0,0.0,0.0,0.0,0.0,0.0,0.0,0.0,0.0,0.0,0.0,0.0,0.0,0.0,0.0,0.0,0.0,0.0,0.0,0.0,0.0,0.0,0.0,1.0,0.0,0.0,0.0,0.0,0.0,0.0,0.0,0.0,0.0
septic,2.0,1.0,4.0,0.0,2.0,0.0,90.0,1.0,2.0,2.0,0.0,65.0,4.0,0.0,0.0,0.0,26.0,0.0,0.0,0.0,0.0,0.0,0.0,1.0,0.0,0.0,0.0,0.0,0.0,0.0,7.0,3.0,0.0,2.0,5.0,0.0,1.0,0.0,0.0,0.0,0.0,58.0,0.0,0.0,0.0,0.0,11.0,0.0,0.0,0.0,1.0,0.0,0.0,0.0,0.0,0.0,0.0,0.0,0.0,55.0,0.0,5.0,0.0,0.0,3.0,32.0,0.0,0.0,13.0,3.0,12.0,2.0,4.0,0.0,10.0,10.0,0.0,0.0,0.0,0.0,3.0,0.0,2.0,0.0,0.0,0.0,0.0,1.0,0.0,0.0,0.0,0.0,0.0,1.0,0.0,0.0,0.0,0.0,0.0,0.0,1.0,0.0,0.0,0.0,0.0,0.0,0.0,0.0,0.0,0.0,0.0,0.0,0.0,1.0,0.0,0.0,0.0,1.0,0.0,0.0,0.0,0.0,0.0,0.0,0.0,0.0,0.0,0.0,0.0,0.0,0.0,0.0,0.0,0.0,0.0,1.0,0.0,0.0,0.0,0.0
septic,1.0,2.0,0.0,0.0,3.0,0.0,77.0,0.0,13.0,0.0,1.0,36.0,6.0,10.0,0.0,0.0,32.0,0.0,0.0,0.0,0.0,0.0,0.0,1.0,0.0,2.0,0.0,3.0,0.0,0.0,0.0,244.0,0.0,0.0,34.0,3.0,6.0,0.0,0.0,0.0,0.0,1345.0,2.0,0.0,0.0,0.0,21.0,0.0,0.0,2.0,0.0,0.0,0.0,0.0,0.0,0.0,0.0,2.0,1.0,85.0,0.0,6.0,0.0,0.0,7.0,50.0,0.0,0.0,13.0,2.0,13.0,3.0,37.0,18.0,15.0,15.0,2.0,0.0,0.0,0.0,0.0,2.0,4.0,1.0,0.0,0.0,0.0,14.0,0.0,0.0,0.0,0.0,0.0,1.0,0.0,1.0,0.0,1.0,0.0,0.0,0.0,0.0,2.0,0.0,0.0,0.0,0.0,0.0,0.0,0.0,0.0,0.0,0.0,0.0,0.0,0.0,0.0,1.0,2.0,6.0,0.0,0.0,0.0,0.0,99.0,0.0,0.0,0.0,0.0,0.0,1.0,0.0,0.0,0.0,1.0,0.0,0.0,0.0,0.0,0.0
septic,11.0,1.0,181.0,0.0,2.0,1.0,459.0,0.0,38.0,7.0,4.0,16.0,27.0,0.0,0.0,0.0,124.0,0.0,35.0,1.0,1.0,5.0,2.0,35.0,0.0,1.0,1.0,0.0,0.0,0.0,0.0,231.0,0.0,0.0,1.0,0.0,0.0,0.0,0.0,0.0,0.0,1442.0,1.0,2.0,0.0,0.0,16.0,0.0,0.0,1.0,1.0,0.0,0.0,0.0,0.0,1.0,2.0,0.0,2.0,70.0,0.0,8.0,0.0,0.0,7.0,51.0,0.0,0.0,25.0,2.0,15.0,5.0,22.0,1.0,14.0,13.0,16.0,1.0,0.0,0.0,7.0,0.0,0.0,0.0,5.0,0.0,0.0,1.0,0.0,0.0,0.0,0.0,0.0,3.0,6.0,0.0,0.0,1.0,0.0,0.0,1.0,17.0,0.0,0.0,0.0,0.0,0.0,0.0,0.0,0.0,0.0,0.0,0.0,1.0,0.0,0.0,0.0,0.0,2.0,0.0,0.0,2.0,0.0,0.0,0.0,0.0,1.0,0.0,0.0,0.0,0.0,0.0,0.0,0.0,0.0,0.0,0.0,0.0,0.0,0.0
septic,12.0,0.0,30.0,0.0,6.0,0.0,1004.0,0.0,47.0,21.0,4.0,30.0,31.0,0.0,6.0,0.0,281.0,0.0,0.0,0.0,0.0,0.0,0.0,3.0,0.0,2.0,3611.0,0.0,0.0,0.0,0.0,12.0,0.0,0.0,1.0,0.0,0.0,0.0,0.0,0.0,0.0,2510.0,4.0,0.0,0.0,1.0,15.0,0.0,0.0,0.0,0.0,0.0,0.0,0.0,2.0,0.0,5.0,0.0,18.0,142.0,0.0,7.0,0.0,0.0,1.0,97.0,0.0,0.0,20.0,7.0,11.0,12.0,40.0,1.0,20.0,20.0,0.0,0.0,0.0,0.0,0.0,1.0,4.0,0.0,5.0,0.0,0.0,0.0,23.0,0.0,0.0,0.0,0.0,0.0,0.0,0.0,0.0,0.0,0.0,0.0,0.0,0.0,0.0,0.0,0.0,0.0,0.0,0.0,0.0,0.0,0.0,0.0,0.0,0.0,0.0,0.0,0.0,0.0,0.0,2.0,1.0,1.0,0.0,0.0,0.0,0.0,1.0,0.0,0.0,0.0,0.0,0.0,0.0,0.0,0.0,0.0,0.0,0.0,0.0,0.0
septic,4.0,17.0,229.0,2.0,2.0,0.0,445.0,1.0,35.0,31.0,1.0,37.0,39.0,0.0,2.0,0.0,127.0,0.0,5.0,0.0,0.0,0.0,0.0,3.0,0.0,0.0,439.0,0.0,0.0,0.0,4.0,8.0,0.0,2.0,0.0,0.0,0.0,0.0,0.0,0.0,0.0,1091.0,1.0,1.0,0.0,4.0,51.0,0.0,2.0,0.0,1.0,0.0,0.0,0.0,2.0,0.0,5.0,0.0,1.0,53.0,0.0,12.0,0.0,0.0,0.0,48.0,0.0,0.0,76.0,2.0,81.0,5.0,6.0,0.0,11.0,14.0,91.0,0.0,0.0,0.0,50.0,0.0,0.0,35.0,2.0,0.0,0.0,5.0,0.0,0.0,0.0,0.0,0.0,2.0,0.0,0.0,0.0,1.0,0.0,0.0,0.0,51.0,3.0,0.0,0.0,0.0,0.0,1.0,0.0,0.0,0.0,0.0,0.0,1.0,0.0,0.0,0.0,0.0,0.0,1.0,0.0,1.0,0.0,0.0,0.0,0.0,0.0,0.0,0.0,0.0,0.0,0.0,0.0,0.0,0.0,0.0,0.0,0.0,0.0,0.0
septic,5.0,0.0,6.0,1.0,3.0,0.0,580.0,0.0,28.0,7.0,1.0,23.0,27.0,0.0,0.0,1.0,153.0,0.0,0.0,0.0,0.0,0.0,0.0,2.0,0.0,2.0,904.0,0.0,0.0,0.0,3.0,10.0,0.0,0.0,1.0,0.0,0.0,0.0,0.0,0.0,0.0,886.0,1.0,2.0,0.0,0.0,12.0,0.0,0.0,0.0,1.0,0.0,0.0,0.0,1.0,0.0,6.0,1.0,0.0,120.0,0.0,13.0,0.0,0.0,1.0,118.0,0.0,0.0,20.0,20.0,44.0,5.0,14.0,0.0,32.0,51.0,0.0,1.0,0.0,0.0,1.0,0.0,0.0,0.0,1.0,0.0,0.0,0.0,0.0,0.0,0.0,0.0,0.0,1.0,0.0,0.0,0.0,0.0,0.0,0.0,0.0,0.0,0.0,0.0,0.0,0.0,0.0,0.0,0.0,1.0,0.0,0.0,0.0,0.0,0.0,0.0,0.0,0.0,0.0,0.0,0.0,1.0,0.0,0.0,0.0,0.0,1.0,0.0,0.0,0.0,1.0,0.0,0.0,0.0,0.0,0.0,0.0,0.0,0.0,0.0
septic,10.0,89.0,52.0,1.0,9.0,2.0,1495.0,0.0,66.0,34.0,7.0,67.0,66.0,1.0,0.0,0.0,479.0,0.0,0.0,0.0,0.0,0.0,0.0,3.0,0.0,3.0,4650.0,0.0,0.0,0.0,3.0,18.0,0.0,4.0,0.0,0.0,2.0,0.0,0.0,0.0,0.0,3957.0,0.0,3.0,0.0,1.0,28.0,0.0,1.0,2.0,3.0,0.0,0.0,0.0,5.0,0.0,4.0,1.0,3.0,185.0,0.0,19.0,0.0,0.0,1.0,166.0,0.0,0.0,30.0,12.0,37.0,17.0,29.0,0.0,49.0,42.0,0.0,0.0,0.0,0.0,1.0,0.0,1.0,0.0,3.0,0.0,0.0,0.0,1.0,0.0,0.0,1.0,0.0,1.0,0.0,0.0,0.0,0.0,0.0,0.0,0.0,0.0,5.0,1.0,0.0,0.0,0.0,0.0,0.0,0.0,0.0,1.0,0.0,0.0,0.0,0.0,0.0,1.0,4.0,0.0,1.0,2.0,0.0,1.0,0.0,0.0,0.0,0.0,1.0,0.0,0.0,0.0,0.0,0.0,0.0,0.0,0.0,0.0,0.0,0.0
ntc,11.0,2.0,0.0,0.0,0.0,2.0,1.0,0.0,6.0,0.0,0.0,678.0,1.0,0.0,0.0,0.0,0.0,0.0,0.0,0.0,0.0,3.0,0.0,14.0,0.0,0.0,0.0,0.0,0.0,0.0,0.0,2.0,0.0,1.0,0.0,0.0,1.0,0.0,0.0,2.0,0.0,145.0,0.0,0.0,0.0,0.0,16.0,0.0,0.0,0.0,0.0,0.0,0.0,0.0,0.0,0.0,16.0,0.0,0.0,49.0,0.0,15.0,0.0,0.0,1.0,16.0,0.0,0.0,24.0,5.0,11.0,1.0,17.0,0.0,11.0,10.0,0.0,0.0,0.0,0.0,53.0,0.0,19.0,33.0,5.0,0.0,0.0,3.0,0.0,0.0,0.0,0.0,0.0,6.0,1.0,0.0,0.0,0.0,1.0,0.0,11.0,0.0,0.0,0.0,0.0,0.0,0.0,0.0,0.0,0.0,0.0,2.0,0.0,0.0,0.0,0.0,0.0,0.0,3.0,0.0,0.0,1.0,0.0,1.0,0.0,0.0,0.0,0.0,0.0,0.0,0.0,0.0,1.0,0.0,0.0,0.0,0.0,0.0,0.0,7.0
ntc,0.0,0.0,333.0,0.0,0.0,0.0,5.0,0.0,0.0,0.0,0.0,46.0,0.0,0.0,0.0,0.0,0.0,0.0,2.0,0.0,0.0,0.0,0.0,5.0,0.0,1.0,0.0,0.0,0.0,0.0,0.0,0.0,0.0,0.0,0.0,0.0,0.0,0.0,1.0,0.0,0.0,42.0,0.0,0.0,0.0,0.0,5.0,0.0,0.0,0.0,0.0,0.0,0.0,0.0,0.0,0.0,0.0,0.0,1.0,3.0,0.0,1.0,0.0,0.0,0.0,2.0,0.0,0.0,25.0,4.0,2.0,1.0,5.0,0.0,3.0,0.0,0.0,0.0,0.0,0.0,2.0,0.0,0.0,0.0,0.0,0.0,0.0,0.0,0.0,0.0,0.0,0.0,0.0,5.0,0.0,0.0,0.0,7.0,0.0,0.0,0.0,0.0,0.0,0.0,0.0,0.0,0.0,0.0,0.0,0.0,0.0,0.0,0.0,0.0,0.0,0.0,0.0,0.0,0.0,0.0,0.0,0.0,0.0,0.0,0.0,0.0,0.0,0.0,0.0,0.0,0.0,0.0,0.0,0.0,0.0,0.0,0.0,0.0,0.0,0.0
ntc,1.0,0.0,0.0,0.0,0.0,0.0,17.0,0.0,0.0,1.0,0.0,62.0,1.0,0.0,0.0,0.0,2.0,0.0,0.0,0.0,0.0,0.0,0.0,0.0,0.0,1.0,0.0,0.0,0.0,0.0,1.0,1.0,0.0,0.0,0.0,0.0,3.0,0.0,0.0,0.0,0.0,70.0,0.0,0.0,0.0,0.0,19.0,0.0,0.0,0.0,0.0,0.0,0.0,0.0,0.0,0.0,3.0,0.0,5.0,1.0,0.0,3.0,0.0,0.0,60.0,5.0,0.0,0.0,116.0,20.0,0.0,0.0,364.0,0.0,16.0,0.0,0.0,0.0,3.0,0.0,4.0,27.0,0.0,0.0,11.0,4.0,0.0,3.0,0.0,0.0,0.0,0.0,0.0,11.0,0.0,0.0,0.0,1.0,0.0,0.0,0.0,0.0,0.0,0.0,0.0,0.0,0.0,0.0,0.0,0.0,0.0,0.0,0.0,9.0,0.0,2.0,0.0,0.0,0.0,0.0,0.0,0.0,0.0,0.0,0.0,0.0,0.0,0.0,0.0,0.0,0.0,0.0,0.0,0.0,0.0,0.0,0.0,0.0,0.0,0.0
