y,Bifidobacteriales,Micrococcales,Corynebacteriales,Actinomycetales,Streptomycetales,Propionibacteriales,Micromonosporales,Glycomycetales,Pseudonocardiales,Frankiales,Geodermatophilales,Jiangellales,Streptosporangiales,Rubrobacterales,Acidimicrobiales,Coriobacteriales,Euzebyales,Lactobacillales,Bacillales,Clostridiales,Thermoanaerobacterales,Tissierellales,Erysipelotrichales,Synechococcales,Gloeobacterales,Nostocales,Chroococcales,Oscillatoriales,Mycoplasmatales,Acholeplasmatales,Entomoplasmatales,Chloroflexales,Anaerolineales,Thermoflexales,Chthonomonadales,Enterobacterales,Xanthomonadales,Aeromonadales,Vibrionales,Pseudomonadales,Chromatiales,Cellvibrionales,Oceanospirillales,Alteromonadales,Pasteurellales,Legionellales,Rhizobiales,Sphingomonadales,Rhodospirillales,Rhodobacterales,Rickettsiales,Holosporales,Magnetococcales,Caulobacterales,Emcibacterales,Pelagibacterales,Parvularculales,Sneathiellales,Neisseriales,Burkholderiales,Rhodocyclales,Desulfarculales,Desulfobacterales,Myxococcales,Desulfuromonadales,Desulfovibrionales,Campylobacterales,Bdellovibrionales,Gemmatimonadales,Flavobacteriales,Sphingobacteriales,Bacteroidales,Marinilabiliales,Cytophagales,Chlorobiales,Chitinivibrionales,Spirochaetales,Leptospirales,Parachlamydiales,Lentisphaerales,Elusimicrobiales,Fusobacteriales,Aquificales,Kosmotogales,Chrysiogenales,Deferribacterales,Holophagales,Halanaerobiales,Natranaerobiales,Selenomonadales,Cardiobacteriales,Thiotrichales,Kiloniellales,Nitrosomonadales,Chitinophagales,Fibrobacterales,Chlamydiales,Microstromatales,Candidatus Nanopelagicales,Kineosporiales,Veillonellales,Methylococcales,Nevskiales,Kordiimonadales,Minwuiales,Bradymonadales,Hydrogenophilales,Bacteroidetes Order II. Incertae sedis,Brachyspirales,Haloplasmatales,Puniceicoccales,Thermodesulfobacteriales,Thermotogales,Salinisphaerales,Immundisolibacterales,Silvanigrellales,Acidithiobacillales,Acidothermales,Eggerthellales,Nitriliruptorales,Solirubrobacterales,Ktedonobacterales,Sphaerobacterales,Deinococcales,Abditibacteriales,Balneolales,Acidobacteriales,Planctomycetales,Primates,Syntrophobacterales,Nautiliales,Candidatus Gastranaerophilales,Saprospirales,Verrucomicrobiales,Candidatus Brocadiales,Nakamurellales,Fimbriimonadales,Acidiferrobacterales,Acidaminococcales,Thermoleophilales,Thermales,Rhodothermales,Petrotogales,Nitrospirales,Synergistales,Pucciniales,Gaiellales,Herpetosiphonales,Capsulimonadales,Opitutales,Victivallales,Desulfurellales,Bacteriovoracales,Mariprofundales,Polyporales,Sedimentisphaerales,Candidatus Cryosericales,Thermomicrobiales,Desulfurobacteriales,Saprolegniales,Hypocreales,Catenulisporales,Dictyoglomales,Orbales,Gloeoemargaritales,Mesoaciditogales,Thermogemmatisporales,Methylacidiphilales,Phycisphaerales,Blastocatellales,Calditrichales,Arenicellales,Pleurocapsales,Caldisericales,Pleosporales,Ignavibacteriales,Candidatus Comantemales,Sordariales,Eucoccidiorida,Onygenales,Brevinematales
healthy,36269.0,177.0,88.0,79.0,62.0,78.0,2.0,7.0,0.0,2.0,2.0,0.0,1.0,1.0,4.0,6.0,0.0,1485.0,740.0,278.0,0.0,4.0,0.0,12.0,9.0,1.0,0.0,0.0,12.0,0.0,0.0,5.0,6.0,2.0,0.0,762.0,1011.0,13.0,74.0,106.0,14.0,5.0,104.0,11.0,6.0,1.0,298.0,294.0,37.0,14.0,16.0,3.0,1.0,1.0,3.0,1.0,0.0,0.0,20.0,18.0,0.0,5.0,3.0,3.0,0.0,8.0,7.0,0.0,0.0,8.0,1.0,1.0,0.0,5.0,38.0,0.0,5.0,3.0,1.0,0.0,0.0,2.0,0.0,0.0,0.0,2.0,0.0,0.0,0.0,0.0,0.0,0.0,0.0,0.0,0.0,0.0,0.0,0.0,3.0,0.0,0.0,1.0,0.0,0.0,0.0,0.0,0.0,1.0,0.0,1.0,0.0,0.0,0.0,0.0,0.0,0.0,0.0,0.0,0.0,0.0,1.0,0.0,0.0,0.0,0.0,0.0,1.0,1.0,5.0,0.0,0.0,0.0,0.0,0.0,0.0,0.0,0.0,0.0,0.0,0.0,0.0,0.0,0.0,0.0,0.0,0.0,0.0,0.0,0.0,0.0,0.0,0.0,0.0,0.0,0.0,0.0,0.0,0.0,0.0,0.0,0.0,0.0,0.0,0.0,0.0,0.0,0.0,0.0,0.0,0.0,0.0,0.0,0.0,0.0,0.0,0.0,0.0,0.0,0.0,0.0,0.0
septic,271.0,318.0,96.0,23.0,24.0,10.0,6.0,0.0,2.0,2.0,12.0,1.0,0.0,1.0,2.0,9.0,2.0,989.0,324.0,529.0,1.0,4.0,5.0,2.0,0.0,1.0,0.0,2.0,4.0,0.0,3.0,2.0,5.0,3.0,0.0,2366.0,520.0,808.0,152.0,463.0,14.0,24.0,89.0,13.0,6.0,4.0,1099.0,5262.0,107.0,675.0,46.0,20.0,9.0,7.0,0.0,2.0,0.0,0.0,74.0,1021.0,3.0,4.0,10.0,45.0,11.0,17.0,33.0,2.0,0.0,253.0,2.0,0.0,0.0,2.0,5.0,1.0,0.0,1.0,10.0,0.0,0.0,6.0,0.0,1.0,1.0,4.0,0.0,0.0,0.0,0.0,0.0,8.0,10.0,4.0,0.0,0.0,1.0,0.0,0.0,0.0,5.0,5.0,7.0,14.0,0.0,0.0,0.0,1.0,0.0,0.0,0.0,0.0,0.0,0.0,0.0,0.0,0.0,0.0,1.0,0.0,0.0,3.0,0.0,0.0,0.0,0.0,0.0,2.0,863.0,0.0,0.0,0.0,1.0,0.0,0.0,0.0,0.0,0.0,0.0,0.0,0.0,3.0,0.0,0.0,1.0,0.0,0.0,0.0,0.0,0.0,0.0,0.0,0.0,0.0,0.0,3.0,0.0,0.0,0.0,0.0,0.0,0.0,0.0,1.0,0.0,0.0,0.0,0.0,0.0,0.0,0.0,0.0,0.0,0.0,0.0,0.0,0.0,0.0,0.0,0.0,0.0
healthy,30606.0,73.0,250.0,47.0,45.0,47.0,6.0,8.0,2.0,8.0,2.0,0.0,1.0,7.0,1.0,3.0,2.0,803.0,1069.0,245.0,0.0,62.0,1.0,14.0,7.0,1.0,0.0,0.0,7.0,4.0,1.0,0.0,2.0,0.0,0.0,982.0,817.0,38.0,62.0,17.0,14.0,9.0,40.0,9.0,1.0,1.0,261.0,30.0,15.0,9.0,29.0,5.0,1.0,3.0,0.0,0.0,0.0,0.0,20.0,18.0,0.0,0.0,1.0,1.0,1.0,2.0,4.0,2.0,0.0,29.0,0.0,67.0,0.0,0.0,34.0,1.0,4.0,4.0,1.0,0.0,3.0,1.0,0.0,0.0,0.0,1.0,0.0,0.0,0.0,0.0,0.0,1.0,1.0,0.0,0.0,0.0,2.0,0.0,4.0,0.0,1.0,1.0,2.0,2.0,0.0,0.0,0.0,0.0,0.0,1.0,0.0,0.0,0.0,0.0,0.0,0.0,0.0,0.0,0.0,1.0,0.0,0.0,0.0,0.0,0.0,0.0,0.0,0.0,0.0,0.0,0.0,0.0,0.0,1.0,0.0,0.0,0.0,0.0,0.0,0.0,0.0,0.0,0.0,0.0,0.0,0.0,0.0,0.0,0.0,0.0,0.0,0.0,0.0,0.0,0.0,0.0,0.0,0.0,0.0,0.0,0.0,0.0,0.0,0.0,0.0,0.0,0.0,0.0,0.0,0.0,0.0,0.0,1.0,0.0,0.0,0.0,0.0,0.0,0.0,0.0,0.0
healthy,26812.0,607.0,1568.0,274.0,172.0,217.0,14.0,6.0,16.0,9.0,10.0,0.0,7.0,0.0,14.0,3.0,3.0,3141.0,1778.0,1423.0,24.0,27.0,2.0,52.0,28.0,2.0,0.0,0.0,28.0,8.0,2.0,2.0,10.0,4.0,0.0,3689.0,1174.0,101.0,204.0,78.0,66.0,8.0,10.0,28.0,4.0,0.0,554.0,5055.0,343.0,1431.0,61.0,8.0,11.0,4.0,2.0,1.0,5.0,1.0,45.0,424.0,5.0,6.0,15.0,5.0,4.0,13.0,27.0,0.0,132.0,101.0,0.0,2.0,0.0,986.0,93.0,0.0,22.0,7.0,0.0,0.0,6.0,1.0,0.0,0.0,1.0,7.0,0.0,0.0,0.0,11.0,1.0,1.0,2.0,0.0,338.0,2.0,1.0,0.0,0.0,13.0,1.0,8.0,0.0,3.0,0.0,0.0,0.0,1.0,0.0,0.0,0.0,0.0,0.0,0.0,0.0,0.0,1.0,0.0,2.0,1.0,0.0,0.0,0.0,1.0,0.0,0.0,0.0,4.0,3.0,1.0,0.0,0.0,0.0,1.0,0.0,0.0,0.0,0.0,0.0,0.0,0.0,0.0,0.0,0.0,0.0,0.0,0.0,0.0,0.0,0.0,0.0,0.0,1.0,0.0,0.0,0.0,1.0,0.0,0.0,0.0,0.0,0.0,0.0,0.0,0.0,0.0,0.0,0.0,0.0,0.0,0.0,0.0,0.0,0.0,0.0,0.0,0.0,0.0,0.0,0.0,0.0
healthy,20546.0,87.0,416.0,59.0,60.0,50.0,3.0,2.0,1.0,1.0,1.0,0.0,0.0,44.0,5.0,3.0,0.0,451.0,630.0,187.0,0.0,6.0,0.0,23.0,10.0,1.0,0.0,0.0,2.0,4.0,0.0,1.0,1.0,1.0,0.0,809.0,505.0,71.0,64.0,65.0,14.0,2.0,4.0,7.0,0.0,0.0,459.0,10.0,30.0,683.0,33.0,3.0,0.0,0.0,0.0,0.0,0.0,0.0,41.0,75.0,0.0,0.0,1.0,0.0,0.0,2.0,1.0,1.0,0.0,7.0,0.0,1.0,0.0,1.0,31.0,0.0,7.0,1.0,0.0,0.0,1.0,2.0,1.0,0.0,0.0,1.0,0.0,0.0,0.0,0.0,0.0,0.0,0.0,0.0,0.0,0.0,0.0,0.0,2.0,0.0,3.0,1.0,0.0,4.0,0.0,0.0,0.0,0.0,0.0,0.0,0.0,0.0,0.0,0.0,0.0,0.0,0.0,0.0,0.0,0.0,1.0,0.0,0.0,0.0,0.0,0.0,4.0,0.0,0.0,0.0,0.0,0.0,0.0,1.0,0.0,0.0,0.0,0.0,0.0,0.0,0.0,0.0,0.0,0.0,0.0,0.0,0.0,0.0,0.0,0.0,0.0,0.0,1.0,0.0,0.0,0.0,1.0,0.0,0.0,0.0,0.0,0.0,0.0,0.0,0.0,0.0,0.0,0.0,0.0,0.0,0.0,0.0,0.0,0.0,0.0,0.0,0.0,0.0,0.0,0.0,0.0
healthy,40885.0,477.0,268.0,98.0,94.0,83.0,11.0,10.0,4.0,4.0,3.0,2.0,1.0,15.0,10.0,3.0,2.0,1819.0,1115.0,421.0,1.0,14.0,10.0,25.0,17.0,9.0,2.0,1.0,27.0,7.0,3.0,5.0,3.0,3.0,1.0,1776.0,1453.0,188.0,134.0,83.0,30.0,17.0,17.0,9.0,5.0,1.0,873.0,91.0,69.0,54.0,43.0,21.0,10.0,3.0,2.0,1.0,1.0,1.0,118.0,57.0,2.0,5.0,4.0,3.0,2.0,1.0,14.0,2.0,183.0,36.0,35.0,2.0,1.0,2.0,44.0,4.0,9.0,5.0,1.0,1.0,5.0,2.0,2.0,2.0,1.0,1.0,1.0,0.0,0.0,0.0,0.0,0.0,0.0,0.0,0.0,0.0,0.0,0.0,0.0,0.0,0.0,0.0,0.0,0.0,0.0,0.0,0.0,0.0,0.0,0.0,0.0,0.0,0.0,0.0,0.0,0.0,0.0,0.0,0.0,0.0,0.0,0.0,0.0,0.0,0.0,0.0,0.0,0.0,0.0,0.0,0.0,0.0,0.0,0.0,0.0,0.0,0.0,0.0,0.0,0.0,0.0,0.0,0.0,0.0,0.0,0.0,0.0,0.0,0.0,0.0,0.0,0.0,0.0,0.0,0.0,0.0,0.0,0.0,0.0,0.0,0.0,0.0,0.0,0.0,0.0,0.0,0.0,0.0,0.0,0.0,0.0,0.0,0.0,0.0,0.0,0.0,0.0,0.0,0.0,0.0,0.0
septic,26.0,481.0,42.0,16.0,132.0,52.0,3.0,0.0,12.0,2.0,16.0,0.0,1.0,1.0,0.0,37.0,1.0,115.0,2490.0,670.0,0.0,6.0,3.0,2.0,0.0,3.0,0.0,0.0,2.0,0.0,1.0,5.0,16.0,0.0,0.0,5244.0,1788.0,614.0,176.0,522.0,14.0,476.0,204.0,27.0,37.0,9.0,1654.0,17758.0,187.0,174.0,67.0,194.0,9.0,50.0,0.0,2.0,1.0,1.0,89.0,318.0,2.0,1.0,28.0,126.0,35.0,52.0,53.0,1.0,0.0,3.0,1.0,2.0,0.0,15.0,1.0,0.0,2.0,1.0,11.0,0.0,0.0,6.0,0.0,2.0,11.0,0.0,0.0,1.0,0.0,0.0,1.0,10.0,48.0,7.0,0.0,1.0,0.0,0.0,0.0,1.0,5.0,12.0,14.0,18.0,1.0,0.0,1.0,4.0,0.0,0.0,0.0,0.0,0.0,0.0,1.0,1.0,2.0,3.0,1.0,1.0,0.0,2.0,0.0,1.0,0.0,0.0,0.0,0.0,30.0,4.0,1.0,1.0,2.0,1.0,1.0,0.0,0.0,0.0,0.0,0.0,0.0,0.0,0.0,0.0,0.0,0.0,0.0,0.0,0.0,0.0,0.0,0.0,0.0,0.0,0.0,0.0,0.0,0.0,0.0,0.0,0.0,0.0,0.0,0.0,0.0,0.0,0.0,0.0,0.0,0.0,0.0,0.0,0.0,0.0,0.0,0.0,0.0,0.0,0.0,0.0,0.0
healthy,41152.0,107.0,410.0,66.0,132.0,114.0,3.0,2.0,1.0,3.0,7.0,0.0,1.0,0.0,6.0,1.0,0.0,843.0,848.0,436.0,0.0,2.0,0.0,19.0,11.0,0.0,0.0,1.0,14.0,6.0,0.0,0.0,1.0,0.0,0.0,1178.0,1259.0,55.0,127.0,98.0,33.0,5.0,7.0,10.0,0.0,2.0,304.0,438.0,15.0,35.0,18.0,3.0,2.0,0.0,0.0,0.0,0.0,0.0,26.0,128.0,0.0,6.0,1.0,2.0,2.0,6.0,4.0,0.0,1.0,83.0,0.0,8.0,0.0,366.0,46.0,1.0,5.0,4.0,0.0,0.0,1.0,8.0,0.0,0.0,0.0,2.0,0.0,0.0,0.0,0.0,0.0,1.0,0.0,0.0,0.0,0.0,1.0,0.0,1.0,0.0,82.0,2.0,0.0,1.0,0.0,0.0,1.0,0.0,0.0,2.0,0.0,0.0,0.0,1.0,0.0,0.0,0.0,0.0,0.0,0.0,0.0,0.0,0.0,3.0,0.0,0.0,0.0,0.0,0.0,0.0,0.0,0.0,0.0,1.0,0.0,0.0,0.0,0.0,0.0,0.0,1.0,0.0,0.0,0.0,0.0,0.0,0.0,0.0,1.0,0.0,0.0,0.0,0.0,0.0,0.0,0.0,0.0,3.0,0.0,0.0,0.0,0.0,0.0,0.0,0.0,0.0,0.0,0.0,0.0,0.0,0.0,0.0,0.0,0.0,0.0,0.0,0.0,0.0,0.0,0.0,0.0
septic,328.0,2878.0,11228.0,28.0,49.0,29.0,0.0,0.0,14.0,1.0,3.0,0.0,15.0,0.0,0.0,6.0,0.0,168.0,1155.0,82.0,0.0,2.0,0.0,0.0,0.0,4.0,0.0,0.0,8.0,0.0,0.0,6.0,6.0,0.0,0.0,3113.0,961.0,241.0,94.0,119.0,15.0,26.0,134.0,16.0,38.0,7.0,7959.0,5075.0,185.0,177.0,73.0,35.0,19.0,31.0,0.0,1.0,3.0,1.0,123.0,334.0,2.0,5.0,24.0,35.0,40.0,42.0,25.0,0.0,0.0,9.0,1.0,2.0,1.0,0.0,0.0,1.0,1.0,0.0,5.0,0.0,0.0,3.0,0.0,1.0,3.0,0.0,4.0,0.0,0.0,0.0,0.0,7.0,62.0,3.0,0.0,1.0,0.0,0.0,0.0,0.0,1.0,2.0,8.0,7.0,2.0,0.0,6.0,2.0,0.0,0.0,0.0,0.0,0.0,0.0,0.0,0.0,1.0,0.0,0.0,0.0,0.0,0.0,0.0,1.0,0.0,0.0,0.0,0.0,21.0,0.0,1.0,0.0,0.0,2.0,1.0,0.0,0.0,0.0,0.0,0.0,0.0,0.0,0.0,0.0,0.0,1.0,0.0,0.0,0.0,0.0,0.0,0.0,0.0,0.0,0.0,0.0,0.0,0.0,0.0,0.0,0.0,0.0,0.0,0.0,0.0,0.0,0.0,0.0,0.0,0.0,0.0,0.0,0.0,0.0,0.0,0.0,0.0,0.0,0.0,0.0,0.0
healthy,18744.0,119.0,735.0,138.0,96.0,130.0,11.0,9.0,9.0,4.0,7.0,0.0,5.0,0.0,9.0,5.0,2.0,2023.0,1941.0,558.0,0.0,216.0,1.0,27.0,18.0,3.0,0.0,1.0,18.0,6.0,2.0,14.0,13.0,5.0,0.0,2091.0,1593.0,89.0,136.0,352.0,38.0,11.0,21.0,22.0,9.0,2.0,518.0,125.0,94.0,159.0,67.0,13.0,6.0,7.0,0.0,7.0,0.0,1.0,73.0,159.0,0.0,7.0,5.0,1.0,6.0,11.0,13.0,8.0,0.0,68.0,0.0,3.0,2.0,10.0,62.0,0.0,11.0,5.0,2.0,0.0,2.0,5.0,0.0,0.0,2.0,2.0,1.0,1.0,0.0,4.0,0.0,7.0,1.0,1.0,1.0,2.0,2.0,0.0,2.0,1.0,2.0,1.0,1.0,3.0,1.0,1.0,2.0,1.0,3.0,1.0,1.0,3.0,2.0,0.0,0.0,0.0,0.0,0.0,0.0,0.0,0.0,0.0,0.0,0.0,0.0,0.0,0.0,0.0,0.0,0.0,0.0,0.0,0.0,0.0,0.0,0.0,0.0,0.0,0.0,0.0,0.0,0.0,0.0,0.0,0.0,0.0,0.0,0.0,0.0,0.0,0.0,0.0,0.0,0.0,0.0,0.0,0.0,0.0,0.0,0.0,0.0,0.0,0.0,0.0,0.0,0.0,0.0,0.0,0.0,0.0,0.0,0.0,0.0,0.0,0.0,0.0,0.0,0.0,0.0,0.0,0.0
septic,328.0,1589.0,270.0,32.0,11.0,62.0,0.0,0.0,2.0,30.0,1.0,1.0,3.0,0.0,0.0,1.0,1.0,37.0,397.0,50.0,1.0,1.0,1.0,1.0,0.0,2.0,0.0,3.0,0.0,0.0,0.0,1.0,10.0,0.0,0.0,2787.0,1142.0,1827.0,60.0,2843.0,16.0,16.0,174.0,38.0,3.0,3.0,1583.0,21207.0,100.0,70.0,24.0,52.0,5.0,14.0,0.0,0.0,0.0,0.0,27.0,606.0,1.0,0.0,6.0,134.0,2.0,54.0,31.0,0.0,0.0,536.0,1.0,3.0,1.0,3.0,0.0,0.0,1.0,0.0,0.0,0.0,0.0,3.0,0.0,0.0,5.0,0.0,0.0,0.0,0.0,1.0,3.0,6.0,9.0,2.0,0.0,0.0,0.0,1.0,0.0,0.0,3.0,1.0,9.0,10.0,0.0,0.0,1.0,0.0,0.0,0.0,0.0,0.0,0.0,0.0,0.0,0.0,0.0,0.0,0.0,0.0,0.0,0.0,0.0,0.0,0.0,0.0,0.0,0.0,22.0,1.0,0.0,0.0,0.0,0.0,1.0,0.0,0.0,0.0,0.0,0.0,0.0,0.0,0.0,0.0,0.0,0.0,0.0,0.0,0.0,0.0,0.0,1.0,0.0,0.0,0.0,0.0,0.0,0.0,0.0,0.0,0.0,0.0,0.0,1.0,0.0,0.0,0.0,0.0,0.0,0.0,0.0,0.0,1.0,0.0,0.0,0.0,0.0,0.0,0.0,0.0,0.0
healthy,17897.0,227.0,462.0,330.0,74.0,120.0,2.0,6.0,7.0,5.0,3.0,0.0,3.0,3.0,9.0,128.0,1.0,1386.0,1334.0,416.0,2.0,12.0,1.0,20.0,17.0,0.0,0.0,1.0,11.0,14.0,1.0,4.0,10.0,1.0,0.0,1201.0,1061.0,246.0,76.0,52.0,9.0,8.0,9.0,13.0,7.0,3.0,566.0,87.0,34.0,302.0,44.0,6.0,4.0,7.0,0.0,0.0,0.0,0.0,42.0,88.0,0.0,2.0,3.0,0.0,3.0,7.0,7.0,1.0,0.0,59.0,1.0,2.0,1.0,2.0,48.0,2.0,9.0,3.0,2.0,0.0,3.0,8.0,0.0,1.0,0.0,4.0,0.0,0.0,0.0,0.0,0.0,4.0,8.0,0.0,2.0,0.0,4.0,0.0,0.0,0.0,0.0,0.0,0.0,1.0,0.0,0.0,0.0,0.0,1.0,0.0,0.0,0.0,0.0,0.0,0.0,0.0,0.0,0.0,23.0,0.0,0.0,0.0,0.0,0.0,0.0,1.0,0.0,0.0,0.0,0.0,0.0,0.0,0.0,0.0,0.0,0.0,0.0,0.0,0.0,0.0,0.0,0.0,0.0,0.0,0.0,0.0,0.0,0.0,0.0,0.0,0.0,0.0,1.0,0.0,0.0,1.0,0.0,0.0,0.0,0.0,0.0,0.0,0.0,0.0,0.0,0.0,0.0,0.0,0.0,0.0,0.0,0.0,0.0,0.0,0.0,0.0,0.0,0.0,0.0,0.0,0.0
septic,123.0,32.0,2135.0,6.0,15.0,33.0,1.0,0.0,6.0,2.0,3.0,0.0,1.0,1.0,0.0,5.0,0.0,210.0,5832.0,95.0,0.0,2.0,1.0,2.0,1.0,1.0,0.0,0.0,3.0,0.0,0.0,2.0,23.0,2.0,0.0,1810.0,511.0,1203.0,42.0,70.0,17.0,31.0,79.0,10.0,63.0,4.0,1544.0,6924.0,139.0,126.0,104.0,39.0,33.0,6.0,1.0,3.0,1.0,1.0,55.0,143.0,2.0,1.0,10.0,62.0,31.0,28.0,29.0,0.0,0.0,2.0,3.0,1.0,1.0,6.0,0.0,1.0,1.0,0.0,5.0,0.0,0.0,3.0,0.0,1.0,3.0,4.0,2.0,0.0,0.0,0.0,0.0,7.0,11.0,0.0,3.0,1.0,3.0,0.0,0.0,0.0,1.0,0.0,11.0,13.0,0.0,1.0,0.0,0.0,1.0,0.0,0.0,0.0,0.0,0.0,0.0,0.0,0.0,0.0,3.0,0.0,0.0,0.0,0.0,0.0,0.0,0.0,1.0,2.0,3.0,0.0,1.0,0.0,0.0,0.0,0.0,0.0,0.0,0.0,0.0,0.0,0.0,0.0,0.0,0.0,0.0,0.0,0.0,0.0,0.0,0.0,0.0,0.0,0.0,0.0,0.0,0.0,0.0,0.0,0.0,0.0,0.0,0.0,0.0,0.0,0.0,0.0,0.0,0.0,0.0,0.0,0.0,0.0,0.0,0.0,0.0,0.0,0.0,0.0,0.0,0.0,0.0
healthy,12041.0,36.0,44.0,28.0,17.0,30.0,4.0,2.0,0.0,1.0,0.0,0.0,1.0,0.0,1.0,1.0,2.0,416.0,412.0,130.0,0.0,29.0,0.0,7.0,3.0,0.0,0.0,0.0,1.0,2.0,0.0,2.0,0.0,0.0,0.0,325.0,210.0,9.0,25.0,113.0,4.0,7.0,2.0,3.0,0.0,0.0,112.0,2.0,5.0,23.0,3.0,0.0,0.0,0.0,0.0,0.0,0.0,0.0,7.0,63.0,0.0,3.0,2.0,0.0,0.0,0.0,0.0,0.0,0.0,1.0,0.0,5.0,1.0,0.0,11.0,1.0,2.0,1.0,0.0,0.0,0.0,0.0,0.0,0.0,0.0,0.0,0.0,0.0,0.0,0.0,0.0,1.0,0.0,0.0,0.0,0.0,0.0,0.0,1.0,1.0,0.0,0.0,0.0,0.0,0.0,0.0,0.0,0.0,0.0,0.0,0.0,0.0,0.0,0.0,0.0,0.0,0.0,0.0,0.0,0.0,0.0,1.0,0.0,0.0,0.0,0.0,0.0,0.0,1.0,0.0,0.0,0.0,0.0,0.0,0.0,0.0,0.0,0.0,0.0,0.0,1.0,0.0,0.0,0.0,0.0,0.0,0.0,0.0,0.0,0.0,0.0,0.0,0.0,0.0,0.0,0.0,0.0,0.0,0.0,0.0,0.0,0.0,0.0,0.0,0.0,0.0,0.0,0.0,0.0,0.0,0.0,0.0,0.0,0.0,0.0,0.0,0.0,0.0,0.0,0.0,0.0
septic,9.0,88.0,26.0,15.0,18.0,326.0,2.0,3.0,1.0,4.0,7.0,1.0,1.0,102.0,0.0,6.0,0.0,38.0,675.0,58.0,0.0,1.0,0.0,1.0,0.0,0.0,0.0,0.0,0.0,0.0,1.0,1.0,9.0,0.0,0.0,727.0,247.0,149.0,51.0,23.0,1.0,4.0,70.0,47.0,27.0,3.0,475.0,5647.0,51.0,49.0,16.0,7.0,1.0,1.0,0.0,0.0,0.0,1.0,26.0,47.0,1.0,1.0,11.0,31.0,16.0,32.0,13.0,1.0,0.0,1.0,1.0,1.0,0.0,4.0,0.0,0.0,1.0,4.0,0.0,0.0,0.0,2035.0,0.0,0.0,2.0,1.0,0.0,0.0,0.0,0.0,1.0,2.0,22.0,0.0,0.0,0.0,0.0,0.0,0.0,0.0,1.0,0.0,0.0,11.0,0.0,0.0,0.0,1.0,0.0,0.0,0.0,0.0,1.0,0.0,0.0,0.0,2.0,0.0,1.0,0.0,0.0,2.0,0.0,0.0,0.0,0.0,0.0,2.0,14.0,0.0,0.0,0.0,0.0,1.0,0.0,0.0,0.0,0.0,0.0,0.0,0.0,0.0,0.0,0.0,0.0,2.0,0.0,0.0,0.0,0.0,0.0,2.0,0.0,0.0,0.0,0.0,0.0,0.0,0.0,0.0,0.0,0.0,0.0,0.0,0.0,0.0,0.0,0.0,0.0,0.0,0.0,0.0,0.0,0.0,0.0,0.0,0.0,0.0,0.0,0.0,0.0
healthy,15983.0,214.0,64.0,100.0,57.0,148.0,2.0,6.0,13.0,15.0,2.0,0.0,2.0,2.0,4.0,1.0,0.0,742.0,747.0,248.0,1.0,206.0,1.0,19.0,16.0,0.0,0.0,0.0,6.0,6.0,1.0,1.0,2.0,2.0,0.0,1252.0,770.0,65.0,70.0,405.0,8.0,6.0,2.0,12.0,0.0,0.0,158.0,558.0,36.0,47.0,127.0,1.0,3.0,0.0,0.0,0.0,0.0,0.0,28.0,48.0,0.0,0.0,2.0,1.0,1.0,1.0,4.0,0.0,56.0,76.0,0.0,0.0,0.0,1.0,39.0,0.0,6.0,1.0,0.0,0.0,2.0,2.0,1.0,0.0,1.0,1.0,2.0,0.0,0.0,7.0,0.0,1.0,1.0,4.0,0.0,0.0,2.0,0.0,0.0,0.0,0.0,0.0,0.0,0.0,0.0,0.0,1.0,0.0,0.0,1.0,0.0,0.0,0.0,0.0,0.0,0.0,0.0,0.0,0.0,0.0,1.0,0.0,0.0,0.0,0.0,0.0,0.0,1.0,3.0,0.0,0.0,0.0,0.0,0.0,0.0,0.0,0.0,0.0,0.0,0.0,0.0,0.0,0.0,0.0,0.0,0.0,0.0,0.0,0.0,0.0,0.0,0.0,2.0,0.0,0.0,0.0,0.0,0.0,0.0,0.0,0.0,0.0,0.0,0.0,0.0,0.0,0.0,0.0,0.0,0.0,0.0,0.0,0.0,0.0,0.0,0.0,0.0,0.0,0.0,0.0,0.0
septic,13296.0,34.0,253.0,33.0,25.0,284.0,1.0,3.0,41.0,2.0,2.0,0.0,12.0,103.0,3.0,3.0,0.0,1320.0,882.0,955.0,3.0,196.0,0.0,125.0,4.0,6.0,1.0,0.0,5.0,2.0,2.0,14.0,16.0,1.0,0.0,2128.0,656.0,116.0,79.0,284.0,17.0,240.0,55.0,8.0,32.0,1.0,1436.0,4052.0,85.0,443.0,42.0,30.0,8.0,10.0,3.0,1.0,0.0,1.0,54.0,105.0,1.0,2.0,14.0,27.0,10.0,27.0,29.0,2.0,0.0,11.0,1.0,157.0,1.0,0.0,9.0,0.0,2.0,6.0,0.0,0.0,3.0,5.0,1.0,0.0,4.0,0.0,0.0,2.0,0.0,2.0,2.0,8.0,23.0,3.0,0.0,3.0,5.0,0.0,1.0,0.0,3.0,2.0,2.0,44.0,0.0,1.0,1.0,0.0,0.0,0.0,0.0,0.0,0.0,0.0,0.0,0.0,0.0,0.0,0.0,0.0,0.0,0.0,0.0,0.0,0.0,0.0,0.0,0.0,2.0,0.0,0.0,0.0,0.0,0.0,0.0,0.0,0.0,1.0,0.0,0.0,0.0,0.0,0.0,0.0,0.0,6.0,0.0,0.0,1.0,0.0,0.0,0.0,0.0,0.0,0.0,0.0,0.0,0.0,1.0,0.0,0.0,0.0,0.0,0.0,0.0,0.0,0.0,0.0,0.0,0.0,0.0,0.0,0.0,0.0,0.0,0.0,0.0,0.0,0.0,0.0,0.0
healthy,33639.0,390.0,320.0,66.0,88.0,57.0,4.0,4.0,1.0,1.0,2.0,0.0,3.0,13.0,1.0,3.0,1.0,4494.0,1433.0,606.0,1.0,152.0,0.0,22.0,10.0,9.0,2.0,0.0,40.0,2.0,8.0,37.0,4.0,0.0,0.0,1533.0,433.0,36.0,107.0,110.0,14.0,3.0,9.0,5.0,0.0,0.0,328.0,12.0,171.0,16.0,24.0,2.0,4.0,1.0,0.0,0.0,0.0,0.0,23.0,24.0,0.0,1.0,2.0,0.0,1.0,1.0,7.0,1.0,0.0,86.0,89.0,0.0,3.0,2.0,36.0,0.0,14.0,3.0,0.0,0.0,2.0,23.0,2.0,0.0,0.0,3.0,0.0,9.0,0.0,3.0,0.0,4.0,1.0,0.0,3.0,2.0,1.0,0.0,3.0,0.0,1.0,0.0,2.0,0.0,0.0,0.0,0.0,0.0,4.0,0.0,0.0,0.0,0.0,0.0,0.0,0.0,0.0,0.0,0.0,0.0,0.0,0.0,0.0,0.0,0.0,1.0,0.0,1.0,0.0,0.0,0.0,0.0,0.0,0.0,0.0,0.0,0.0,0.0,0.0,0.0,4.0,0.0,0.0,0.0,0.0,0.0,0.0,0.0,0.0,0.0,0.0,0.0,0.0,0.0,0.0,0.0,0.0,0.0,0.0,0.0,0.0,0.0,0.0,0.0,0.0,0.0,0.0,0.0,0.0,0.0,0.0,0.0,0.0,0.0,0.0,0.0,1.0,0.0,0.0,0.0,0.0
septic,2338.0,149.0,44.0,11.0,17.0,83.0,2.0,0.0,5.0,1.0,1.0,0.0,3.0,98.0,1.0,4.0,0.0,500.0,1499.0,97.0,0.0,0.0,2.0,0.0,4.0,1.0,0.0,0.0,8.0,0.0,0.0,7.0,21.0,4.0,0.0,2307.0,243.0,5296.0,81.0,4019.0,17.0,9.0,55.0,25.0,14.0,0.0,1741.0,2921.0,411.0,930.0,25.0,8.0,8.0,20.0,0.0,4.0,3.0,0.0,24.0,295.0,1.0,2.0,3.0,32.0,6.0,19.0,59.0,3.0,1.0,220.0,177.0,1.0,0.0,138.0,5.0,0.0,1.0,0.0,5.0,0.0,1.0,10.0,0.0,0.0,2.0,4.0,0.0,0.0,0.0,1.0,2.0,6.0,8.0,2.0,95.0,1.0,1.0,0.0,0.0,0.0,65.0,4.0,24.0,2.0,0.0,0.0,0.0,0.0,1.0,0.0,0.0,0.0,0.0,0.0,0.0,0.0,0.0,0.0,0.0,0.0,0.0,0.0,0.0,0.0,0.0,0.0,0.0,23.0,1024.0,0.0,0.0,0.0,0.0,0.0,0.0,0.0,0.0,2.0,0.0,0.0,1.0,7.0,0.0,0.0,0.0,0.0,0.0,0.0,0.0,0.0,0.0,0.0,313.0,0.0,0.0,0.0,0.0,0.0,0.0,0.0,0.0,0.0,0.0,2.0,0.0,0.0,0.0,0.0,0.0,0.0,0.0,0.0,0.0,0.0,0.0,0.0,0.0,0.0,0.0,1.0,0.0
healthy,50862.0,2908.0,10677.0,221.0,126.0,236.0,23.0,12.0,24.0,6.0,95.0,0.0,19.0,5.0,8.0,10.0,1.0,1294.0,1956.0,414.0,0.0,296.0,107.0,24.0,15.0,2.0,1.0,0.0,16.0,10.0,0.0,0.0,3.0,2.0,0.0,2390.0,1709.0,93.0,120.0,631.0,25.0,11.0,18.0,12.0,19.0,1.0,981.0,192.0,38.0,157.0,90.0,10.0,13.0,4.0,0.0,0.0,1.0,0.0,109.0,101.0,0.0,1.0,4.0,3.0,1.0,6.0,67.0,0.0,0.0,702.0,2.0,0.0,1.0,3.0,41.0,1.0,10.0,5.0,2.0,0.0,1.0,1.0,0.0,0.0,0.0,7.0,0.0,1.0,0.0,0.0,0.0,3.0,4.0,1.0,2.0,0.0,1.0,0.0,3.0,1.0,4.0,0.0,6.0,0.0,0.0,0.0,0.0,0.0,1.0,1.0,0.0,0.0,0.0,0.0,0.0,0.0,0.0,0.0,0.0,3.0,144.0,0.0,1.0,1.0,0.0,0.0,1.0,0.0,60.0,0.0,0.0,0.0,0.0,1.0,0.0,0.0,0.0,1.0,0.0,0.0,0.0,0.0,0.0,0.0,0.0,0.0,0.0,0.0,0.0,0.0,0.0,0.0,0.0,0.0,0.0,0.0,0.0,0.0,0.0,0.0,0.0,2.0,0.0,0.0,0.0,0.0,0.0,0.0,0.0,0.0,0.0,0.0,0.0,0.0,0.0,0.0,0.0,0.0,0.0,0.0,0.0
septic,5943.0,1255.0,148.0,29.0,60.0,99.0,3.0,2.0,11.0,6.0,11.0,0.0,4.0,1.0,4.0,14.0,0.0,1138.0,2636.0,269.0,1.0,3.0,2.0,12.0,5.0,3.0,0.0,1.0,10.0,4.0,1.0,21.0,40.0,0.0,0.0,4762.0,1167.0,465.0,173.0,2507.0,30.0,39.0,120.0,37.0,20.0,2.0,3466.0,5058.0,410.0,207.0,193.0,35.0,40.0,19.0,1.0,5.0,4.0,1.0,136.0,335.0,2.0,2.0,17.0,49.0,21.0,35.0,41.0,1.0,0.0,14.0,4.0,5.0,1.0,4.0,14.0,3.0,9.0,11.0,7.0,0.0,0.0,15.0,2.0,2.0,1.0,7.0,6.0,1.0,0.0,1.0,2.0,6.0,24.0,6.0,2.0,1.0,8.0,0.0,0.0,0.0,4.0,2.0,19.0,15.0,0.0,0.0,2.0,3.0,4.0,0.0,0.0,0.0,0.0,0.0,0.0,0.0,0.0,0.0,0.0,0.0,0.0,1.0,0.0,1.0,0.0,0.0,0.0,1.0,57.0,0.0,1.0,0.0,7.0,4.0,0.0,0.0,0.0,0.0,0.0,0.0,0.0,0.0,0.0,0.0,0.0,1.0,0.0,0.0,0.0,0.0,0.0,0.0,1.0,2.0,0.0,0.0,0.0,0.0,0.0,0.0,0.0,0.0,0.0,1.0,0.0,0.0,0.0,1.0,0.0,0.0,0.0,0.0,0.0,0.0,0.0,0.0,0.0,0.0,0.0,0.0,0.0
healthy,51049.0,2125.0,1630.0,115.0,84.0,96.0,8.0,0.0,7.0,5.0,6.0,0.0,1.0,47.0,5.0,46.0,0.0,2504.0,2986.0,345.0,2.0,315.0,95.0,26.0,11.0,1.0,1.0,0.0,15.0,2.0,1.0,5.0,9.0,1.0,0.0,1649.0,1053.0,83.0,111.0,384.0,21.0,11.0,11.0,8.0,3.0,2.0,707.0,62.0,27.0,366.0,35.0,6.0,3.0,3.0,3.0,4.0,0.0,0.0,69.0,90.0,1.0,1.0,1.0,0.0,21.0,3.0,12.0,0.0,0.0,1021.0,0.0,6.0,2.0,4.0,34.0,0.0,11.0,2.0,0.0,0.0,0.0,8.0,0.0,0.0,0.0,1.0,0.0,1.0,0.0,4.0,1.0,0.0,6.0,2.0,0.0,1.0,0.0,0.0,0.0,0.0,2.0,3.0,1.0,0.0,0.0,0.0,0.0,0.0,0.0,1.0,0.0,0.0,0.0,0.0,0.0,0.0,0.0,0.0,1.0,0.0,1.0,0.0,0.0,0.0,0.0,0.0,0.0,0.0,51.0,0.0,0.0,0.0,0.0,0.0,0.0,0.0,0.0,0.0,0.0,0.0,0.0,0.0,0.0,0.0,0.0,0.0,0.0,0.0,0.0,0.0,0.0,0.0,0.0,0.0,0.0,0.0,0.0,0.0,3.0,0.0,0.0,1.0,0.0,0.0,0.0,0.0,0.0,0.0,0.0,0.0,0.0,0.0,0.0,0.0,0.0,0.0,0.0,0.0,0.0,0.0,0.0
septic,489.0,1278.0,395.0,94.0,358.0,61.0,32.0,1.0,14.0,18.0,100.0,0.0,4.0,1.0,0.0,138.0,1.0,97.0,665.0,428.0,2.0,22.0,0.0,0.0,0.0,0.0,0.0,0.0,3.0,0.0,0.0,1.0,5.0,0.0,0.0,1804.0,194.0,393.0,192.0,158.0,8.0,5.0,20.0,4.0,10.0,1.0,588.0,1597.0,28.0,31.0,34.0,11.0,13.0,29.0,0.0,3.0,0.0,0.0,9.0,87.0,0.0,0.0,8.0,17.0,4.0,4.0,12.0,0.0,0.0,4.0,91.0,2.0,1.0,6.0,1.0,0.0,4.0,0.0,7.0,0.0,0.0,5.0,0.0,1.0,3.0,1.0,0.0,0.0,0.0,0.0,0.0,4.0,4.0,2.0,3.0,0.0,1.0,0.0,0.0,0.0,93.0,0.0,8.0,0.0,0.0,0.0,0.0,12.0,2.0,0.0,0.0,0.0,0.0,0.0,0.0,0.0,0.0,16.0,4.0,0.0,2.0,6.0,0.0,4.0,0.0,0.0,1.0,0.0,43.0,0.0,0.0,0.0,0.0,29.0,0.0,0.0,1.0,0.0,0.0,0.0,0.0,0.0,0.0,0.0,0.0,0.0,0.0,0.0,0.0,0.0,0.0,0.0,0.0,0.0,0.0,0.0,0.0,0.0,0.0,0.0,0.0,0.0,0.0,0.0,0.0,0.0,0.0,0.0,0.0,0.0,0.0,0.0,0.0,0.0,0.0,0.0,0.0,0.0,0.0,0.0,0.0
healthy,81862.0,1656.0,6896.0,684.0,385.0,734.0,23.0,21.0,44.0,22.0,25.0,37.0,27.0,11.0,30.0,24.0,8.0,4460.0,7852.0,2389.0,3.0,1415.0,29.0,266.0,82.0,20.0,2.0,3.0,23.0,61.0,3.0,23.0,13.0,3.0,0.0,9771.0,3721.0,339.0,749.0,106943.0,135.0,72.0,535.0,107.0,100.0,43.0,1630.0,1577.0,1028.0,724.0,229.0,34.0,14.0,245.0,1.0,39.0,0.0,4.0,176.0,2144.0,2.0,3.0,27.0,59.0,37.0,55.0,134.0,7.0,15.0,5351.0,0.0,7.0,11.0,44.0,237.0,2.0,59.0,18.0,48.0,0.0,13.0,16.0,4.0,3.0,4.0,9.0,4.0,17.0,0.0,3.0,0.0,58.0,3.0,64.0,8.0,1.0,6.0,1.0,9.0,6.0,50.0,19.0,160.0,2.0,0.0,1.0,39.0,1.0,1.0,8.0,0.0,0.0,0.0,0.0,0.0,0.0,5.0,0.0,2.0,1.0,3.0,1.0,0.0,4.0,0.0,0.0,1.0,4.0,11.0,1.0,3.0,0.0,0.0,8.0,0.0,0.0,0.0,0.0,0.0,0.0,1.0,0.0,1.0,0.0,0.0,0.0,0.0,0.0,0.0,0.0,0.0,1.0,0.0,0.0,0.0,0.0,0.0,0.0,0.0,1.0,0.0,0.0,0.0,0.0,0.0,0.0,1.0,1.0,4.0,28.0,1.0,0.0,0.0,0.0,0.0,0.0,0.0,0.0,0.0,0.0,0.0
septic,31.0,695.0,241.0,34.0,70.0,21.0,13.0,0.0,4.0,8.0,30.0,0.0,0.0,18.0,0.0,38.0,2.0,60.0,368.0,127.0,0.0,12.0,0.0,2.0,0.0,1.0,0.0,0.0,0.0,0.0,0.0,2.0,0.0,0.0,0.0,557.0,17.0,35.0,78.0,61.0,3.0,4.0,25.0,20.0,2.0,0.0,140.0,2169.0,79.0,14.0,9.0,7.0,0.0,0.0,0.0,1.0,0.0,0.0,8.0,111.0,0.0,0.0,3.0,12.0,1.0,5.0,10.0,2.0,0.0,2.0,0.0,0.0,1.0,0.0,0.0,0.0,0.0,1.0,6.0,0.0,1.0,2.0,0.0,0.0,1.0,0.0,0.0,0.0,0.0,0.0,0.0,3.0,1.0,0.0,1.0,0.0,0.0,0.0,0.0,0.0,0.0,0.0,2.0,1.0,0.0,0.0,0.0,5.0,0.0,0.0,0.0,0.0,0.0,0.0,0.0,0.0,0.0,1.0,1.0,0.0,0.0,2.0,0.0,2.0,0.0,0.0,0.0,1.0,33.0,0.0,0.0,0.0,0.0,0.0,0.0,0.0,0.0,0.0,0.0,0.0,0.0,0.0,0.0,0.0,0.0,1.0,0.0,0.0,0.0,0.0,0.0,0.0,6.0,0.0,0.0,0.0,0.0,0.0,0.0,0.0,1.0,0.0,0.0,0.0,0.0,0.0,0.0,0.0,0.0,0.0,0.0,0.0,0.0,0.0,0.0,0.0,0.0,0.0,0.0,0.0,0.0
healthy,264879.0,1179.0,1632.0,419.0,429.0,309.0,16.0,15.0,18.0,26.0,15.0,0.0,13.0,125.0,38.0,15.0,3.0,10474.0,3650.0,1440.0,5.0,139.0,9.0,121.0,65.0,2.0,1.0,0.0,110.0,19.0,1.0,3.0,24.0,12.0,0.0,5649.0,4117.0,237.0,410.0,223.0,70.0,20.0,39.0,49.0,18.0,9.0,1050.0,2756.0,1128.0,106.0,107.0,24.0,18.0,15.0,0.0,2.0,3.0,0.0,380.0,183.0,0.0,23.0,115.0,4.0,13.0,5.0,29.0,1.0,0.0,185.0,4.0,2.0,2.0,4.0,239.0,3.0,40.0,18.0,3.0,0.0,4.0,5.0,1.0,2.0,1.0,18.0,9.0,3.0,0.0,4.0,1.0,7.0,5.0,5.0,0.0,0.0,1.0,0.0,7.0,0.0,3.0,10.0,1.0,2.0,0.0,1.0,0.0,0.0,1.0,3.0,0.0,0.0,1.0,0.0,0.0,0.0,0.0,0.0,0.0,0.0,6.0,0.0,0.0,0.0,1.0,1.0,1.0,0.0,21.0,0.0,0.0,0.0,1.0,1.0,0.0,0.0,0.0,0.0,0.0,0.0,0.0,0.0,0.0,0.0,2.0,0.0,0.0,1.0,1.0,0.0,1.0,0.0,3.0,0.0,0.0,1.0,1.0,0.0,0.0,0.0,0.0,0.0,0.0,0.0,0.0,0.0,0.0,0.0,0.0,0.0,0.0,1.0,0.0,0.0,0.0,0.0,0.0,0.0,0.0,0.0,0.0
septic,63.0,997.0,303.0,55.0,171.0,13.0,23.0,0.0,4.0,27.0,57.0,0.0,6.0,0.0,0.0,95.0,1.0,52.0,1115.0,257.0,2.0,19.0,0.0,0.0,0.0,0.0,0.0,0.0,4.0,0.0,0.0,0.0,3.0,0.0,0.0,769.0,84.0,431.0,161.0,299.0,7.0,3.0,18.0,5.0,2.0,0.0,82.0,1648.0,6.0,7.0,10.0,0.0,0.0,0.0,0.0,3.0,0.0,0.0,12.0,303.0,0.0,0.0,9.0,11.0,1.0,3.0,8.0,0.0,0.0,2.0,0.0,0.0,0.0,0.0,2.0,0.0,0.0,2.0,4.0,0.0,0.0,7.0,0.0,0.0,3.0,0.0,1.0,0.0,0.0,0.0,2.0,5.0,0.0,1.0,0.0,0.0,0.0,0.0,0.0,0.0,1.0,1.0,1.0,0.0,0.0,0.0,3.0,9.0,0.0,0.0,0.0,0.0,0.0,0.0,0.0,0.0,0.0,8.0,4.0,0.0,2.0,6.0,0.0,2.0,0.0,0.0,0.0,0.0,294.0,0.0,0.0,0.0,0.0,0.0,0.0,0.0,0.0,0.0,0.0,0.0,0.0,0.0,0.0,0.0,0.0,0.0,0.0,0.0,0.0,0.0,0.0,1.0,0.0,0.0,0.0,0.0,0.0,0.0,0.0,0.0,0.0,0.0,0.0,0.0,0.0,0.0,0.0,0.0,0.0,0.0,0.0,0.0,0.0,0.0,0.0,0.0,0.0,0.0,0.0,0.0,0.0
healthy,160200.0,609.0,508.0,235.0,226.0,210.0,12.0,8.0,24.0,16.0,6.0,0.0,3.0,47.0,20.0,9.0,2.0,5746.0,3159.0,1728.0,3.0,163.0,2.0,79.0,45.0,3.0,1.0,1.0,43.0,16.0,7.0,0.0,9.0,6.0,0.0,5083.0,2452.0,158.0,297.0,394.0,49.0,18.0,19.0,35.0,13.0,2.0,1509.0,358.0,97.0,61.0,192.0,14.0,13.0,6.0,0.0,0.0,1.0,1.0,85.0,104.0,0.0,20.0,9.0,0.0,5.0,5.0,38.0,0.0,0.0,21.0,2.0,4.0,0.0,2.0,127.0,4.0,37.0,6.0,4.0,0.0,6.0,5.0,0.0,0.0,0.0,6.0,1.0,6.0,0.0,5.0,0.0,1.0,9.0,2.0,0.0,8.0,4.0,0.0,2.0,0.0,3.0,4.0,0.0,6.0,0.0,0.0,0.0,0.0,1.0,4.0,0.0,0.0,0.0,0.0,0.0,0.0,0.0,0.0,1.0,1.0,0.0,0.0,0.0,1.0,0.0,0.0,2.0,0.0,14.0,5.0,0.0,0.0,0.0,1.0,0.0,0.0,0.0,0.0,0.0,0.0,1.0,0.0,0.0,0.0,1.0,0.0,0.0,0.0,0.0,3.0,0.0,0.0,4.0,0.0,0.0,0.0,2.0,0.0,0.0,0.0,0.0,0.0,0.0,0.0,0.0,0.0,0.0,0.0,0.0,0.0,0.0,0.0,0.0,0.0,0.0,0.0,0.0,0.0,0.0,0.0,0.0
healthy,52945.0,308.0,527.0,118.0,72.0,66.0,5.0,4.0,2.0,7.0,79.0,0.0,6.0,1.0,2.0,1.0,1.0,992.0,1087.0,573.0,0.0,24.0,0.0,19.0,17.0,0.0,0.0,0.0,7.0,13.0,0.0,3.0,1.0,0.0,0.0,1800.0,719.0,113.0,103.0,312.0,18.0,8.0,6.0,19.0,3.0,1.0,716.0,64.0,90.0,37.0,36.0,12.0,3.0,2.0,1.0,1.0,0.0,1.0,21.0,59.0,0.0,3.0,2.0,0.0,2.0,3.0,5.0,2.0,0.0,84.0,0.0,1.0,0.0,1.0,42.0,0.0,7.0,4.0,3.0,0.0,5.0,2.0,0.0,1.0,0.0,2.0,0.0,0.0,0.0,0.0,0.0,2.0,2.0,0.0,3.0,0.0,0.0,0.0,2.0,0.0,66.0,0.0,3.0,1.0,0.0,0.0,0.0,0.0,0.0,2.0,0.0,0.0,0.0,0.0,0.0,0.0,0.0,0.0,1.0,0.0,0.0,0.0,0.0,0.0,0.0,0.0,2.0,0.0,1.0,0.0,0.0,0.0,0.0,1.0,0.0,0.0,0.0,0.0,0.0,0.0,0.0,0.0,0.0,0.0,15.0,0.0,0.0,0.0,0.0,0.0,0.0,0.0,0.0,0.0,0.0,1.0,1.0,0.0,0.0,0.0,0.0,0.0,0.0,0.0,0.0,0.0,0.0,0.0,0.0,0.0,0.0,0.0,0.0,0.0,0.0,0.0,0.0,0.0,0.0,0.0,0.0
septic,3633.0,725.0,182.0,41.0,72.0,60.0,13.0,1.0,6.0,5.0,24.0,0.0,0.0,61.0,1.0,41.0,1.0,543.0,300.0,186.0,0.0,83.0,1.0,4.0,1.0,0.0,0.0,0.0,3.0,0.0,0.0,0.0,0.0,1.0,0.0,695.0,76.0,158.0,75.0,161.0,0.0,15.0,7.0,6.0,3.0,2.0,202.0,858.0,7.0,49.0,17.0,3.0,4.0,18.0,0.0,0.0,0.0,0.0,26.0,110.0,19.0,1.0,1.0,6.0,1.0,2.0,12.0,0.0,0.0,15.0,57.0,23.0,0.0,0.0,12.0,0.0,1.0,1.0,9.0,0.0,9.0,2.0,0.0,0.0,1.0,0.0,0.0,1.0,0.0,0.0,0.0,1.0,0.0,1.0,0.0,0.0,1.0,0.0,0.0,0.0,0.0,0.0,1.0,0.0,0.0,1.0,0.0,5.0,1.0,0.0,1.0,0.0,0.0,0.0,0.0,0.0,0.0,4.0,0.0,0.0,0.0,0.0,0.0,0.0,0.0,0.0,0.0,0.0,80.0,0.0,0.0,0.0,0.0,0.0,0.0,0.0,0.0,0.0,0.0,0.0,0.0,0.0,0.0,0.0,0.0,0.0,0.0,0.0,0.0,0.0,0.0,0.0,6.0,0.0,0.0,0.0,0.0,1.0,0.0,0.0,0.0,0.0,0.0,0.0,0.0,0.0,0.0,0.0,0.0,0.0,0.0,0.0,0.0,0.0,0.0,0.0,0.0,0.0,0.0,0.0,0.0
healthy,55722.0,69.0,192.0,164.0,75.0,153.0,13.0,1.0,7.0,2.0,5.0,1.0,10.0,53.0,3.0,2.0,1.0,1175.0,1344.0,362.0,3.0,12.0,1.0,27.0,14.0,2.0,0.0,1.0,17.0,2.0,1.0,1.0,2.0,4.0,0.0,1512.0,1572.0,70.0,128.0,98.0,21.0,14.0,9.0,18.0,3.0,0.0,298.0,66.0,19.0,41.0,26.0,6.0,3.0,3.0,1.0,0.0,0.0,1.0,37.0,69.0,0.0,3.0,5.0,8.0,0.0,2.0,10.0,0.0,0.0,8.0,0.0,28.0,0.0,0.0,50.0,3.0,6.0,6.0,0.0,0.0,1.0,2.0,1.0,0.0,0.0,0.0,0.0,0.0,0.0,1.0,0.0,2.0,1.0,1.0,0.0,0.0,0.0,0.0,2.0,2.0,5.0,5.0,1.0,3.0,0.0,0.0,0.0,1.0,1.0,0.0,0.0,0.0,0.0,0.0,0.0,0.0,0.0,0.0,1.0,0.0,0.0,0.0,0.0,0.0,0.0,0.0,0.0,0.0,17.0,0.0,0.0,0.0,0.0,0.0,0.0,0.0,1.0,0.0,0.0,0.0,0.0,0.0,0.0,0.0,0.0,2.0,0.0,0.0,0.0,0.0,0.0,0.0,0.0,0.0,0.0,0.0,0.0,0.0,0.0,0.0,0.0,0.0,0.0,0.0,0.0,0.0,0.0,0.0,1.0,0.0,0.0,0.0,0.0,0.0,0.0,0.0,0.0,0.0,0.0,0.0,0.0
septic,241.0,749.0,149.0,48.0,120.0,56.0,27.0,0.0,6.0,14.0,90.0,0.0,3.0,2.0,0.0,90.0,2.0,104.0,514.0,339.0,2.0,14.0,1.0,57.0,1.0,0.0,0.0,0.0,4.0,0.0,1.0,1.0,2.0,0.0,0.0,986.0,234.0,483.0,151.0,44.0,9.0,4.0,19.0,5.0,1.0,1.0,717.0,2182.0,32.0,19.0,26.0,11.0,7.0,1.0,0.0,2.0,0.0,0.0,29.0,68.0,0.0,0.0,4.0,13.0,1.0,7.0,34.0,0.0,0.0,2.0,2.0,0.0,0.0,1.0,0.0,0.0,0.0,1.0,2.0,0.0,0.0,3.0,0.0,0.0,0.0,1.0,1.0,1.0,0.0,0.0,1.0,5.0,2.0,2.0,0.0,1.0,1.0,0.0,0.0,19.0,0.0,1.0,0.0,0.0,0.0,0.0,0.0,7.0,2.0,1.0,0.0,0.0,0.0,0.0,0.0,0.0,0.0,11.0,3.0,0.0,1.0,5.0,0.0,1.0,0.0,1.0,0.0,0.0,23.0,0.0,0.0,0.0,0.0,0.0,0.0,0.0,0.0,0.0,0.0,0.0,0.0,0.0,0.0,0.0,0.0,0.0,0.0,0.0,0.0,0.0,0.0,0.0,0.0,0.0,0.0,0.0,0.0,0.0,0.0,0.0,0.0,0.0,0.0,0.0,0.0,0.0,0.0,0.0,0.0,0.0,0.0,0.0,0.0,0.0,0.0,0.0,0.0,0.0,0.0,0.0,0.0
healthy,61702.0,257.0,125.0,152.0,71.0,130.0,4.0,1.0,2.0,6.0,10.0,2.0,1.0,19.0,8.0,3.0,1.0,1401.0,946.0,374.0,1.0,12.0,2.0,29.0,17.0,2.0,0.0,0.0,15.0,6.0,3.0,2.0,1.0,1.0,0.0,1731.0,1214.0,82.0,134.0,162.0,30.0,9.0,17.0,86.0,10.0,1.0,522.0,67.0,129.0,556.0,46.0,15.0,5.0,6.0,0.0,0.0,0.0,0.0,48.0,114.0,0.0,9.0,6.0,2.0,3.0,1.0,14.0,0.0,0.0,8.0,0.0,3.0,0.0,1.0,79.0,0.0,15.0,3.0,2.0,0.0,1.0,1.0,0.0,0.0,0.0,1.0,0.0,1.0,0.0,0.0,0.0,2.0,2.0,1.0,0.0,0.0,1.0,0.0,6.0,0.0,1.0,2.0,2.0,1.0,0.0,0.0,0.0,0.0,0.0,1.0,0.0,0.0,0.0,2.0,6.0,0.0,0.0,0.0,4.0,0.0,0.0,0.0,0.0,0.0,0.0,0.0,0.0,0.0,1.0,0.0,0.0,0.0,0.0,0.0,0.0,0.0,0.0,0.0,0.0,0.0,0.0,0.0,0.0,0.0,0.0,0.0,0.0,0.0,0.0,0.0,0.0,0.0,2.0,0.0,0.0,0.0,0.0,0.0,0.0,0.0,0.0,0.0,0.0,0.0,0.0,0.0,0.0,0.0,0.0,0.0,0.0,0.0,0.0,0.0,0.0,0.0,0.0,0.0,0.0,0.0,0.0
septic,47.0,750.0,411.0,62.0,105.0,27.0,15.0,0.0,4.0,13.0,72.0,2.0,4.0,20.0,0.0,66.0,2.0,154.0,375.0,243.0,0.0,186.0,0.0,1.0,0.0,1.0,0.0,0.0,1.0,0.0,3.0,0.0,1.0,0.0,0.0,518.0,39.0,201.0,280.0,43.0,1.0,5.0,16.0,4.0,2.0,0.0,137.0,1038.0,13.0,16.0,14.0,3.0,1.0,4.0,0.0,2.0,1.0,0.0,9.0,83.0,0.0,0.0,6.0,10.0,2.0,2.0,5.0,0.0,0.0,38.0,0.0,0.0,0.0,1.0,0.0,0.0,1.0,2.0,3.0,0.0,0.0,12.0,0.0,0.0,0.0,0.0,1.0,0.0,0.0,0.0,0.0,1.0,3.0,0.0,0.0,0.0,1.0,1.0,0.0,0.0,2.0,1.0,0.0,1.0,0.0,0.0,0.0,5.0,0.0,0.0,0.0,0.0,0.0,0.0,0.0,0.0,0.0,6.0,4.0,0.0,3.0,4.0,0.0,0.0,0.0,0.0,0.0,0.0,170.0,0.0,0.0,0.0,0.0,0.0,0.0,0.0,0.0,0.0,0.0,0.0,0.0,0.0,0.0,0.0,0.0,0.0,0.0,0.0,0.0,0.0,0.0,0.0,0.0,0.0,0.0,0.0,0.0,0.0,0.0,0.0,0.0,0.0,0.0,0.0,0.0,0.0,0.0,0.0,0.0,0.0,0.0,0.0,0.0,0.0,0.0,0.0,0.0,0.0,0.0,0.0,0.0
healthy,27867.0,43.0,99.0,117.0,46.0,32.0,4.0,2.0,2.0,2.0,3.0,0.0,3.0,0.0,4.0,3.0,1.0,401.0,772.0,246.0,0.0,6.0,0.0,13.0,12.0,0.0,0.0,0.0,4.0,2.0,0.0,1.0,3.0,2.0,0.0,750.0,821.0,45.0,58.0,183.0,11.0,6.0,6.0,9.0,4.0,0.0,256.0,226.0,26.0,27.0,18.0,6.0,6.0,2.0,2.0,0.0,0.0,0.0,15.0,35.0,0.0,0.0,3.0,2.0,2.0,2.0,2.0,1.0,0.0,5.0,0.0,0.0,0.0,1.0,24.0,0.0,4.0,0.0,0.0,0.0,4.0,1.0,0.0,0.0,0.0,1.0,0.0,0.0,0.0,0.0,0.0,1.0,4.0,1.0,0.0,0.0,0.0,0.0,1.0,0.0,0.0,0.0,1.0,1.0,0.0,0.0,0.0,0.0,1.0,0.0,0.0,0.0,0.0,0.0,0.0,0.0,0.0,0.0,0.0,0.0,1.0,0.0,0.0,2.0,0.0,0.0,0.0,1.0,0.0,0.0,0.0,0.0,0.0,0.0,0.0,0.0,0.0,0.0,0.0,0.0,0.0,0.0,0.0,0.0,2.0,0.0,0.0,0.0,0.0,0.0,0.0,0.0,0.0,0.0,0.0,0.0,0.0,0.0,0.0,0.0,0.0,0.0,0.0,0.0,0.0,0.0,0.0,0.0,0.0,0.0,0.0,0.0,0.0,0.0,0.0,0.0,0.0,0.0,0.0,0.0,0.0
septic,22.0,524.0,73.0,35.0,56.0,7.0,15.0,0.0,3.0,13.0,39.0,0.0,1.0,0.0,1.0,50.0,0.0,83.0,189.0,133.0,0.0,9.0,0.0,0.0,0.0,0.0,0.0,0.0,1.0,0.0,0.0,0.0,1.0,0.0,0.0,551.0,66.0,103.0,105.0,43.0,1.0,1.0,13.0,2.0,0.0,0.0,143.0,1749.0,8.0,7.0,9.0,0.0,5.0,2.0,0.0,0.0,0.0,0.0,5.0,59.0,0.0,0.0,7.0,13.0,1.0,6.0,4.0,0.0,0.0,1.0,0.0,0.0,0.0,0.0,0.0,0.0,0.0,1.0,4.0,0.0,0.0,1.0,0.0,0.0,0.0,0.0,0.0,0.0,0.0,0.0,0.0,2.0,1.0,0.0,0.0,1.0,0.0,0.0,0.0,0.0,1.0,0.0,0.0,2.0,1.0,0.0,0.0,7.0,0.0,0.0,0.0,0.0,0.0,0.0,0.0,0.0,0.0,7.0,2.0,0.0,2.0,2.0,0.0,0.0,0.0,0.0,0.0,0.0,1.0,0.0,0.0,0.0,0.0,0.0,0.0,0.0,0.0,0.0,0.0,0.0,0.0,0.0,0.0,0.0,0.0,0.0,0.0,0.0,0.0,0.0,0.0,0.0,0.0,0.0,0.0,0.0,0.0,0.0,0.0,0.0,0.0,0.0,0.0,0.0,0.0,0.0,0.0,0.0,0.0,0.0,0.0,0.0,0.0,0.0,0.0,0.0,0.0,0.0,0.0,0.0,0.0
healthy,10710.0,89.0,160.0,36.0,36.0,53.0,3.0,2.0,2.0,4.0,3.0,0.0,2.0,0.0,3.0,2.0,0.0,507.0,382.0,337.0,1.0,81.0,8.0,13.0,5.0,1.0,0.0,0.0,3.0,3.0,0.0,0.0,2.0,2.0,0.0,524.0,572.0,14.0,52.0,7.0,14.0,2.0,0.0,3.0,2.0,14.0,61.0,13.0,28.0,10.0,10.0,0.0,2.0,0.0,0.0,0.0,0.0,0.0,14.0,29.0,0.0,2.0,1.0,0.0,0.0,1.0,1.0,1.0,0.0,2.0,0.0,0.0,0.0,1.0,15.0,0.0,3.0,3.0,0.0,0.0,0.0,2.0,0.0,1.0,0.0,1.0,0.0,0.0,0.0,0.0,0.0,0.0,0.0,1.0,0.0,1.0,1.0,0.0,1.0,0.0,0.0,0.0,0.0,2.0,0.0,1.0,0.0,0.0,2.0,0.0,0.0,0.0,1.0,0.0,0.0,0.0,0.0,0.0,0.0,1.0,0.0,0.0,0.0,0.0,0.0,0.0,0.0,9.0,1.0,1.0,0.0,0.0,0.0,0.0,0.0,0.0,0.0,0.0,0.0,0.0,0.0,0.0,0.0,0.0,0.0,0.0,0.0,0.0,0.0,0.0,0.0,2.0,0.0,0.0,0.0,0.0,0.0,0.0,0.0,0.0,0.0,0.0,0.0,0.0,0.0,0.0,0.0,0.0,0.0,0.0,0.0,0.0,0.0,0.0,0.0,0.0,0.0,0.0,0.0,0.0,0.0
healthy,15321.0,370.0,107.0,145.0,114.0,115.0,12.0,17.0,5.0,3.0,4.0,0.0,1.0,81.0,12.0,5.0,1.0,4782.0,2182.0,532.0,2.0,157.0,1.0,40.0,20.0,3.0,1.0,1.0,18.0,13.0,1.0,4.0,18.0,5.0,0.0,1970.0,961.0,62.0,157.0,2056.0,26.0,10.0,21.0,15.0,3.0,0.0,424.0,101.0,55.0,49.0,44.0,0.0,6.0,2.0,0.0,1.0,1.0,0.0,68.0,333.0,0.0,20.0,5.0,1.0,0.0,12.0,15.0,1.0,0.0,16.0,0.0,1.0,0.0,7.0,64.0,0.0,19.0,3.0,1.0,0.0,0.0,4.0,0.0,0.0,0.0,5.0,0.0,3.0,0.0,0.0,0.0,2.0,9.0,2.0,1.0,1.0,1.0,0.0,1.0,0.0,2.0,2.0,3.0,4.0,0.0,0.0,1.0,1.0,0.0,0.0,0.0,0.0,0.0,0.0,0.0,0.0,0.0,0.0,0.0,0.0,1.0,0.0,0.0,0.0,0.0,0.0,2.0,24.0,0.0,1.0,0.0,0.0,0.0,0.0,0.0,0.0,0.0,0.0,0.0,0.0,1.0,0.0,0.0,0.0,0.0,1.0,0.0,0.0,0.0,0.0,0.0,0.0,1.0,0.0,0.0,0.0,1.0,0.0,0.0,0.0,0.0,0.0,0.0,0.0,0.0,0.0,0.0,0.0,0.0,0.0,0.0,0.0,0.0,0.0,0.0,0.0,0.0,0.0,0.0,0.0,0.0
septic,43.0,745.0,150.0,50.0,115.0,49.0,22.0,0.0,3.0,16.0,73.0,0.0,5.0,1.0,0.0,84.0,1.0,77.0,682.0,230.0,0.0,15.0,0.0,0.0,0.0,1.0,0.0,0.0,2.0,0.0,0.0,0.0,3.0,0.0,0.0,1173.0,153.0,81.0,143.0,108.0,5.0,6.0,34.0,35.0,5.0,2.0,230.0,2391.0,22.0,23.0,8.0,0.0,3.0,0.0,1.0,2.0,0.0,1.0,16.0,72.0,1.0,0.0,6.0,8.0,2.0,7.0,9.0,2.0,0.0,2.0,0.0,0.0,1.0,0.0,0.0,0.0,1.0,3.0,2.0,0.0,0.0,3.0,0.0,0.0,2.0,0.0,1.0,0.0,0.0,0.0,0.0,1.0,3.0,1.0,0.0,0.0,1.0,0.0,0.0,0.0,0.0,0.0,0.0,1.0,0.0,0.0,1.0,8.0,1.0,0.0,0.0,0.0,1.0,0.0,0.0,0.0,0.0,9.0,7.0,0.0,0.0,6.0,0.0,0.0,0.0,0.0,0.0,0.0,30.0,0.0,0.0,0.0,0.0,0.0,0.0,1.0,1.0,0.0,0.0,0.0,0.0,0.0,0.0,0.0,0.0,0.0,0.0,0.0,0.0,0.0,0.0,0.0,0.0,0.0,0.0,0.0,0.0,0.0,0.0,0.0,0.0,0.0,0.0,0.0,0.0,0.0,0.0,0.0,0.0,0.0,0.0,0.0,0.0,0.0,0.0,0.0,0.0,0.0,0.0,0.0,0.0
healthy,55881.0,83.0,429.0,198.0,101.0,107.0,2.0,2.0,7.0,5.0,0.0,0.0,1.0,0.0,11.0,7.0,3.0,2034.0,1753.0,551.0,1.0,20.0,3.0,23.0,16.0,0.0,0.0,0.0,15.0,4.0,0.0,0.0,3.0,5.0,0.0,1638.0,979.0,72.0,102.0,920.0,20.0,23.0,16.0,14.0,5.0,1.0,677.0,288.0,53.0,35.0,28.0,11.0,7.0,1.0,0.0,0.0,0.0,0.0,35.0,91.0,1.0,2.0,3.0,5.0,1.0,2.0,16.0,0.0,0.0,8.0,1.0,3.0,0.0,257.0,42.0,1.0,10.0,4.0,0.0,0.0,4.0,2.0,0.0,0.0,1.0,2.0,0.0,0.0,0.0,0.0,0.0,1.0,2.0,0.0,0.0,1.0,0.0,0.0,3.0,0.0,0.0,3.0,0.0,2.0,0.0,0.0,0.0,0.0,0.0,0.0,0.0,0.0,0.0,0.0,0.0,0.0,0.0,0.0,1.0,1.0,1.0,0.0,0.0,0.0,0.0,1.0,0.0,1.0,1.0,0.0,0.0,0.0,0.0,1.0,0.0,1.0,0.0,0.0,0.0,0.0,0.0,0.0,0.0,0.0,1.0,0.0,0.0,0.0,0.0,0.0,0.0,0.0,1.0,0.0,0.0,0.0,1.0,0.0,0.0,0.0,0.0,1.0,0.0,0.0,0.0,0.0,0.0,0.0,0.0,0.0,0.0,0.0,0.0,0.0,0.0,0.0,0.0,0.0,0.0,0.0,0.0
septic,49.0,1240.0,1040.0,88.0,106.0,35.0,36.0,1.0,7.0,20.0,64.0,0.0,1.0,250.0,0.0,80.0,1.0,134.0,977.0,654.0,1.0,12.0,0.0,0.0,0.0,0.0,0.0,2.0,7.0,0.0,0.0,0.0,0.0,0.0,0.0,750.0,593.0,31.0,117.0,13.0,2.0,8.0,22.0,2.0,0.0,1.0,260.0,2094.0,12.0,178.0,17.0,9.0,4.0,0.0,0.0,1.0,0.0,0.0,19.0,173.0,0.0,1.0,4.0,15.0,0.0,9.0,4.0,1.0,0.0,197.0,0.0,35.0,0.0,0.0,0.0,0.0,0.0,0.0,2.0,0.0,0.0,5.0,0.0,0.0,2.0,4.0,0.0,0.0,0.0,0.0,0.0,4.0,0.0,3.0,144.0,0.0,1.0,0.0,0.0,0.0,3.0,1.0,0.0,0.0,0.0,0.0,0.0,14.0,0.0,0.0,1.0,0.0,0.0,0.0,0.0,0.0,0.0,24.0,5.0,0.0,0.0,6.0,0.0,2.0,0.0,0.0,0.0,0.0,34.0,0.0,0.0,0.0,0.0,0.0,0.0,0.0,1.0,0.0,0.0,0.0,0.0,0.0,0.0,0.0,0.0,0.0,0.0,0.0,0.0,0.0,0.0,0.0,0.0,0.0,0.0,0.0,0.0,0.0,0.0,0.0,0.0,0.0,0.0,0.0,0.0,0.0,0.0,0.0,0.0,0.0,0.0,0.0,0.0,0.0,0.0,0.0,0.0,0.0,0.0,0.0,0.0
septic,267.0,1690.0,289.0,92.0,257.0,65.0,62.0,2.0,13.0,27.0,109.0,1.0,4.0,9.0,0.0,161.0,4.0,262.0,873.0,531.0,0.0,36.0,0.0,2.0,0.0,0.0,0.0,0.0,2.0,0.0,0.0,0.0,1.0,0.0,0.0,919.0,9.0,275.0,266.0,691.0,0.0,0.0,7.0,2.0,2.0,0.0,118.0,540.0,2.0,5.0,7.0,1.0,0.0,0.0,0.0,3.0,0.0,0.0,9.0,137.0,0.0,0.0,5.0,4.0,1.0,1.0,3.0,0.0,0.0,7.0,0.0,0.0,0.0,0.0,1.0,0.0,3.0,1.0,10.0,0.0,0.0,9.0,0.0,0.0,1.0,0.0,0.0,0.0,0.0,0.0,0.0,8.0,0.0,11.0,2.0,0.0,0.0,0.0,0.0,0.0,1.0,0.0,0.0,0.0,0.0,0.0,1.0,21.0,0.0,0.0,0.0,0.0,0.0,0.0,0.0,1.0,0.0,19.0,5.0,0.0,1.0,17.0,0.0,3.0,0.0,0.0,0.0,0.0,75.0,0.0,0.0,0.0,0.0,0.0,0.0,0.0,0.0,0.0,0.0,0.0,0.0,0.0,0.0,0.0,0.0,0.0,0.0,0.0,0.0,0.0,0.0,0.0,0.0,0.0,0.0,0.0,1.0,0.0,0.0,0.0,0.0,0.0,0.0,0.0,0.0,0.0,0.0,0.0,0.0,0.0,0.0,0.0,0.0,0.0,0.0,0.0,0.0,0.0,0.0,0.0,0.0
septic,215.0,3452.0,512.0,168.0,706.0,156.0,110.0,0.0,34.0,67.0,266.0,4.0,11.0,1.0,0.0,307.0,10.0,210.0,1324.0,1226.0,4.0,58.0,0.0,4.0,0.0,2.0,0.0,1.0,24.0,0.0,1.0,3.0,3.0,0.0,0.0,5109.0,875.0,835.0,572.0,1484.0,17.0,8.0,69.0,10.0,16.0,2.0,789.0,3540.0,96.0,70.0,48.0,19.0,13.0,44.0,0.0,64.0,0.0,1.0,43.0,239.0,1.0,3.0,8.0,36.0,14.0,22.0,27.0,0.0,0.0,8.0,0.0,1.0,0.0,1.0,0.0,0.0,4.0,7.0,17.0,0.0,1.0,23.0,0.0,1.0,6.0,4.0,0.0,3.0,0.0,0.0,0.0,17.0,6.0,4.0,0.0,0.0,0.0,0.0,0.0,0.0,2.0,1.0,9.0,111.0,1.0,0.0,2.0,54.0,1.0,0.0,0.0,0.0,0.0,0.0,0.0,0.0,0.0,22.0,12.0,0.0,6.0,21.0,0.0,6.0,0.0,2.0,0.0,0.0,116.0,0.0,0.0,0.0,0.0,0.0,1.0,0.0,0.0,0.0,0.0,0.0,0.0,0.0,0.0,0.0,0.0,0.0,0.0,0.0,0.0,0.0,0.0,1.0,0.0,0.0,0.0,0.0,0.0,0.0,1.0,0.0,0.0,0.0,0.0,0.0,0.0,0.0,0.0,0.0,0.0,0.0,0.0,0.0,0.0,0.0,0.0,0.0,0.0,0.0,0.0,0.0,0.0
septic,177.0,1753.0,353.0,92.0,211.0,41.0,52.0,1.0,14.0,28.0,116.0,1.0,5.0,147.0,23.0,139.0,7.0,146.0,1085.0,448.0,2.0,17.0,0.0,0.0,0.0,0.0,0.0,2.0,4.0,0.0,1.0,1.0,13.0,1.0,0.0,1652.0,669.0,365.0,239.0,27.0,9.0,2.0,35.0,6.0,5.0,0.0,364.0,3849.0,29.0,37.0,36.0,3.0,9.0,0.0,0.0,7.0,0.0,0.0,20.0,90.0,1.0,1.0,8.0,18.0,0.0,15.0,5.0,1.0,0.0,4.0,0.0,1.0,1.0,3.0,0.0,1.0,1.0,4.0,11.0,0.0,0.0,5.0,0.0,0.0,0.0,2.0,0.0,0.0,0.0,2.0,0.0,11.0,8.0,0.0,1.0,1.0,0.0,0.0,0.0,0.0,2.0,0.0,1.0,1.0,0.0,0.0,0.0,24.0,0.0,0.0,1.0,0.0,0.0,0.0,0.0,0.0,1.0,9.0,5.0,0.0,2.0,9.0,0.0,13.0,0.0,1.0,0.0,0.0,60.0,0.0,0.0,0.0,0.0,0.0,0.0,0.0,2.0,0.0,0.0,0.0,0.0,0.0,0.0,0.0,0.0,0.0,0.0,0.0,0.0,0.0,0.0,2.0,0.0,0.0,0.0,0.0,0.0,0.0,0.0,0.0,0.0,0.0,0.0,0.0,0.0,0.0,0.0,0.0,0.0,0.0,0.0,0.0,0.0,0.0,0.0,0.0,0.0,0.0,0.0,0.0,0.0
septic,350.0,2922.0,858.0,176.0,489.0,117.0,109.0,0.0,24.0,64.0,226.0,1.0,10.0,44.0,0.0,332.0,16.0,285.0,1876.0,1049.0,0.0,52.0,1.0,7.0,0.0,0.0,1.0,0.0,9.0,0.0,1.0,1.0,11.0,0.0,0.0,3136.0,293.0,574.0,485.0,2347.0,15.0,11.0,89.0,17.0,6.0,0.0,698.0,9014.0,107.0,347.0,46.0,20.0,12.0,3.0,0.0,9.0,0.0,0.0,37.0,184.0,0.0,0.0,18.0,51.0,40.0,26.0,107.0,1.0,1.0,16.0,0.0,118.0,0.0,2.0,0.0,0.0,5.0,2.0,15.0,1.0,1.0,18.0,0.0,1.0,5.0,5.0,0.0,0.0,0.0,0.0,0.0,19.0,4.0,2.0,26.0,2.0,0.0,0.0,0.0,0.0,5.0,0.0,12.0,8.0,0.0,0.0,0.0,37.0,1.0,0.0,0.0,0.0,0.0,0.0,2.0,0.0,0.0,19.0,12.0,1.0,9.0,18.0,0.0,9.0,0.0,1.0,0.0,1.0,747.0,0.0,0.0,0.0,0.0,0.0,0.0,0.0,0.0,0.0,0.0,0.0,1.0,0.0,0.0,0.0,1.0,0.0,0.0,0.0,0.0,0.0,0.0,1.0,0.0,0.0,0.0,0.0,0.0,0.0,0.0,0.0,0.0,0.0,0.0,0.0,0.0,0.0,0.0,0.0,0.0,0.0,0.0,0.0,0.0,0.0,0.0,0.0,0.0,1.0,0.0,0.0,0.0
septic,50.0,766.0,2143.0,22.0,94.0,27.0,20.0,0.0,7.0,12.0,137.0,0.0,4.0,320.0,1.0,68.0,3.0,38.0,428.0,204.0,1.0,12.0,0.0,0.0,0.0,0.0,1.0,0.0,1.0,0.0,1.0,2.0,3.0,0.0,0.0,833.0,240.0,173.0,162.0,551.0,2.0,2.0,25.0,7.0,6.0,0.0,199.0,1738.0,26.0,14.0,11.0,3.0,4.0,5.0,0.0,0.0,0.0,0.0,7.0,71.0,0.0,1.0,5.0,24.0,2.0,5.0,2.0,0.0,0.0,1.0,0.0,1.0,0.0,1.0,0.0,0.0,3.0,0.0,7.0,0.0,1.0,3.0,0.0,0.0,2.0,0.0,0.0,0.0,0.0,0.0,0.0,3.0,1.0,58.0,0.0,0.0,0.0,0.0,0.0,0.0,1.0,1.0,7.0,1.0,0.0,0.0,1.0,7.0,0.0,0.0,0.0,0.0,0.0,0.0,0.0,0.0,0.0,2.0,3.0,0.0,2.0,5.0,0.0,3.0,1.0,0.0,0.0,0.0,5.0,0.0,0.0,0.0,0.0,1.0,0.0,0.0,0.0,0.0,0.0,0.0,0.0,0.0,0.0,0.0,0.0,0.0,0.0,0.0,0.0,0.0,0.0,0.0,0.0,0.0,0.0,0.0,0.0,0.0,0.0,0.0,0.0,0.0,0.0,0.0,0.0,0.0,0.0,0.0,0.0,0.0,0.0,0.0,0.0,0.0,0.0,0.0,0.0,0.0,0.0,0.0,0.0
septic,87.0,1532.0,344.0,230.0,220.0,38.0,77.0,0.0,9.0,42.0,127.0,0.0,2.0,6.0,0.0,195.0,7.0,1692.0,1231.0,881.0,1.0,27.0,1.0,1.0,0.0,0.0,0.0,1.0,16.0,0.0,1.0,7.0,15.0,2.0,0.0,1735.0,636.0,191.0,270.0,133.0,9.0,10.0,59.0,13.0,2.0,0.0,847.0,6141.0,62.0,44.0,33.0,5.0,13.0,13.0,0.0,4.0,0.0,0.0,33.0,91.0,1.0,0.0,13.0,46.0,3.0,30.0,26.0,1.0,0.0,3.0,0.0,3.0,0.0,13.0,0.0,0.0,1.0,28.0,10.0,0.0,0.0,70.0,2.0,2.0,3.0,1.0,0.0,0.0,0.0,1.0,0.0,3.0,8.0,2.0,1.0,0.0,3.0,0.0,0.0,1.0,1.0,0.0,0.0,6.0,0.0,0.0,0.0,18.0,1.0,1.0,0.0,0.0,0.0,0.0,0.0,0.0,0.0,8.0,5.0,0.0,3.0,7.0,0.0,3.0,0.0,1.0,0.0,1.0,23.0,1.0,0.0,0.0,0.0,1.0,0.0,0.0,0.0,0.0,0.0,0.0,1.0,0.0,0.0,0.0,0.0,1.0,0.0,0.0,0.0,0.0,0.0,0.0,0.0,0.0,0.0,0.0,0.0,0.0,0.0,0.0,0.0,0.0,0.0,0.0,0.0,0.0,0.0,0.0,0.0,0.0,0.0,0.0,0.0,0.0,0.0,0.0,0.0,0.0,0.0,0.0,0.0
septic,909.0,1751.0,2020.0,99.0,268.0,75.0,64.0,0.0,16.0,20.0,150.0,0.0,6.0,2.0,0.0,203.0,8.0,702.0,1762.0,667.0,0.0,19.0,1.0,1.0,0.0,0.0,0.0,2.0,13.0,0.0,0.0,2.0,17.0,1.0,0.0,3070.0,470.0,617.0,326.0,156.0,19.0,31.0,110.0,12.0,2.0,0.0,1604.0,14510.0,196.0,214.0,84.0,19.0,27.0,7.0,0.0,5.0,0.0,0.0,82.0,178.0,1.0,0.0,11.0,96.0,0.0,32.0,32.0,0.0,0.0,5.0,3.0,1.0,0.0,2.0,1.0,1.0,4.0,4.0,19.0,0.0,0.0,8.0,0.0,1.0,6.0,1.0,1.0,0.0,0.0,0.0,0.0,8.0,2.0,4.0,1.0,0.0,1.0,0.0,0.0,0.0,1.0,3.0,6.0,7.0,0.0,0.0,3.0,19.0,1.0,1.0,0.0,0.0,0.0,0.0,0.0,0.0,1.0,5.0,7.0,0.0,4.0,16.0,0.0,2.0,0.0,0.0,0.0,0.0,53.0,0.0,0.0,0.0,2.0,0.0,1.0,0.0,1.0,0.0,0.0,0.0,0.0,0.0,0.0,0.0,0.0,0.0,0.0,0.0,0.0,0.0,0.0,0.0,0.0,0.0,0.0,0.0,0.0,0.0,0.0,0.0,0.0,0.0,0.0,0.0,0.0,0.0,0.0,0.0,0.0,0.0,0.0,0.0,0.0,0.0,0.0,0.0,0.0,0.0,0.0,0.0,0.0
septic,96.0,8413.0,1702.0,41.0,75.0,164.0,11.0,1.0,24.0,5.0,18.0,1.0,14.0,3499.0,0.0,38.0,4.0,2658.0,6417.0,256.0,0.0,10.0,4.0,1.0,0.0,1.0,1.0,0.0,1.0,2.0,1.0,2.0,7.0,1.0,0.0,2716.0,431.0,767.0,76.0,4840.0,22.0,70.0,40.0,7.0,32.0,2.0,2417.0,1404.0,181.0,152.0,124.0,156.0,48.0,17.0,2.0,1.0,0.0,0.0,108.0,668.0,53.0,0.0,10.0,12.0,7.0,10.0,247.0,0.0,0.0,75.0,1.0,0.0,0.0,2.0,0.0,1.0,2.0,1.0,2.0,0.0,1.0,2.0,0.0,0.0,1.0,17.0,1.0,0.0,0.0,4.0,1.0,9.0,13.0,10.0,2.0,0.0,1.0,0.0,0.0,49.0,5.0,2.0,12.0,9.0,1.0,3.0,1.0,0.0,4.0,4.0,0.0,0.0,0.0,0.0,0.0,0.0,1.0,3.0,6.0,0.0,0.0,1.0,0.0,0.0,0.0,0.0,0.0,0.0,73.0,0.0,3.0,0.0,0.0,0.0,0.0,0.0,0.0,0.0,0.0,0.0,0.0,0.0,0.0,0.0,0.0,0.0,0.0,0.0,0.0,0.0,0.0,0.0,0.0,0.0,0.0,0.0,4.0,0.0,0.0,0.0,0.0,0.0,1.0,0.0,0.0,0.0,0.0,0.0,0.0,0.0,0.0,0.0,0.0,0.0,0.0,0.0,0.0,0.0,0.0,0.0,0.0
septic,34.0,275.0,450.0,13.0,79.0,8.0,9.0,0.0,1.0,5.0,29.0,0.0,1.0,0.0,0.0,24.0,1.0,73.0,213.0,117.0,0.0,64.0,2.0,0.0,0.0,0.0,0.0,0.0,2.0,0.0,0.0,3.0,3.0,0.0,0.0,1223.0,240.0,686.0,58.0,2559.0,3.0,22.0,32.0,6.0,2.0,1.0,1247.0,1022.0,85.0,366.0,46.0,27.0,13.0,7.0,0.0,3.0,1.0,1.0,60.0,92.0,0.0,0.0,1.0,8.0,3.0,38.0,12.0,1.0,2.0,2.0,0.0,0.0,0.0,1.0,1.0,0.0,2.0,1.0,7.0,0.0,0.0,3.0,0.0,0.0,0.0,5.0,1.0,0.0,0.0,0.0,0.0,3.0,4.0,2.0,1.0,0.0,0.0,0.0,0.0,0.0,2.0,2.0,9.0,6.0,0.0,0.0,2.0,5.0,0.0,0.0,0.0,0.0,2.0,0.0,0.0,0.0,0.0,0.0,2.0,2.0,0.0,1.0,1.0,0.0,0.0,0.0,5.0,0.0,27.0,0.0,3.0,0.0,0.0,0.0,0.0,0.0,0.0,0.0,0.0,0.0,0.0,0.0,0.0,0.0,0.0,0.0,0.0,0.0,0.0,0.0,0.0,0.0,1.0,0.0,0.0,0.0,0.0,0.0,0.0,0.0,0.0,0.0,0.0,0.0,0.0,0.0,0.0,0.0,0.0,0.0,0.0,0.0,0.0,0.0,0.0,0.0,0.0,0.0,0.0,0.0,0.0
septic,61.0,491.0,104.0,40.0,64.0,430.0,8.0,0.0,17.0,7.0,63.0,0.0,9.0,0.0,0.0,36.0,1.0,169.0,659.0,197.0,2.0,10.0,0.0,1.0,0.0,2.0,0.0,0.0,6.0,0.0,0.0,4.0,8.0,0.0,0.0,3132.0,281.0,313.0,152.0,144.0,20.0,1868.0,320.0,33.0,13.0,0.0,2195.0,6687.0,260.0,155.0,115.0,52.0,50.0,15.0,0.0,4.0,1.0,0.0,118.0,233.0,4.0,0.0,7.0,43.0,2.0,26.0,27.0,1.0,0.0,32.0,1.0,0.0,0.0,62.0,0.0,0.0,3.0,1.0,9.0,0.0,0.0,0.0,1.0,3.0,4.0,7.0,1.0,1.0,0.0,0.0,0.0,2.0,10.0,0.0,86.0,0.0,3.0,0.0,1.0,0.0,3.0,3.0,0.0,10.0,0.0,0.0,1.0,5.0,2.0,2.0,0.0,0.0,1.0,0.0,0.0,0.0,0.0,1.0,2.0,0.0,1.0,2.0,0.0,0.0,0.0,1.0,0.0,0.0,49.0,1.0,2.0,0.0,1.0,65.0,0.0,0.0,0.0,0.0,0.0,0.0,1.0,0.0,0.0,0.0,0.0,0.0,0.0,0.0,0.0,0.0,0.0,0.0,0.0,0.0,0.0,0.0,0.0,0.0,0.0,0.0,0.0,0.0,0.0,0.0,0.0,0.0,0.0,0.0,0.0,0.0,0.0,0.0,0.0,0.0,0.0,0.0,0.0,0.0,0.0,0.0,0.0
septic,84.0,1588.0,863.0,144.0,280.0,191.0,41.0,2.0,22.0,34.0,97.0,4.0,11.0,811.0,0.0,132.0,4.0,1836.0,3878.0,807.0,2.0,37.0,312.0,1.0,0.0,3.0,1.0,1.0,27.0,0.0,5.0,4.0,15.0,5.0,0.0,7800.0,1291.0,3208.0,331.0,414.0,29.0,78.0,190.0,42.0,61.0,15.0,4724.0,9310.0,410.0,421.0,264.0,143.0,87.0,66.0,1.0,8.0,1.0,5.0,186.0,743.0,6.0,3.0,52.0,36.0,49.0,49.0,94.0,5.0,0.0,47.0,4.0,8.0,7.0,13.0,1.0,0.0,5.0,9.0,18.0,0.0,0.0,15.0,0.0,1.0,1.0,15.0,0.0,0.0,0.0,2.0,5.0,16.0,80.0,267.0,3.0,1.0,8.0,0.0,0.0,0.0,6.0,7.0,22.0,32.0,0.0,0.0,3.0,10.0,3.0,0.0,0.0,0.0,0.0,2.0,0.0,2.0,0.0,9.0,9.0,1.0,1.0,5.0,0.0,9.0,0.0,1.0,5.0,1.0,354.0,0.0,0.0,0.0,0.0,1.0,1.0,0.0,0.0,0.0,0.0,1.0,0.0,0.0,0.0,0.0,0.0,0.0,0.0,1.0,0.0,0.0,0.0,0.0,0.0,0.0,0.0,3.0,0.0,0.0,0.0,0.0,0.0,0.0,0.0,1.0,2.0,1.0,0.0,0.0,0.0,0.0,0.0,0.0,0.0,0.0,0.0,0.0,0.0,0.0,0.0,0.0,0.0
septic,188.0,972.0,1188.0,58.0,130.0,20.0,45.0,1.0,148.0,21.0,62.0,1.0,5.0,1.0,0.0,89.0,5.0,512.0,859.0,340.0,2.0,3590.0,1.0,12.0,1.0,5.0,0.0,4.0,8.0,0.0,2.0,4.0,36.0,4.0,0.0,6167.0,2025.0,4405.0,277.0,5778.0,50.0,58.0,107.0,38.0,22.0,7.0,3883.0,4565.0,331.0,234.0,266.0,89.0,88.0,12.0,2.0,7.0,0.0,0.0,176.0,317.0,2.0,2.0,10.0,52.0,10.0,40.0,97.0,1.0,2.0,29.0,5.0,5.0,0.0,3.0,1.0,0.0,4.0,4.0,16.0,0.0,0.0,16.0,0.0,2.0,3.0,21.0,1.0,2.0,0.0,1.0,1.0,17.0,13.0,5.0,3.0,0.0,1.0,1.0,0.0,0.0,6.0,9.0,16.0,29.0,3.0,0.0,2.0,19.0,2.0,0.0,0.0,0.0,0.0,0.0,0.0,0.0,0.0,14.0,2.0,1.0,4.0,8.0,0.0,0.0,0.0,0.0,0.0,0.0,357.0,0.0,3.0,0.0,0.0,3.0,1.0,0.0,0.0,1.0,0.0,0.0,1.0,0.0,0.0,0.0,0.0,2.0,0.0,0.0,0.0,0.0,0.0,1.0,0.0,0.0,0.0,0.0,0.0,0.0,0.0,0.0,0.0,0.0,0.0,2.0,0.0,0.0,0.0,0.0,0.0,0.0,0.0,0.0,0.0,0.0,0.0,0.0,0.0,0.0,0.0,0.0,0.0
septic,193.0,2396.0,159.0,217.0,920.0,297.0,40.0,0.0,4.0,27.0,85.0,2.0,5.0,781.0,0.0,108.0,1.0,8383.0,2027.0,677.0,2.0,17.0,4.0,3.0,0.0,0.0,0.0,2.0,7.0,0.0,2.0,3.0,1.0,0.0,0.0,6486.0,1199.0,893.0,242.0,3571.0,60.0,76.0,45.0,17.0,10.0,11.0,4057.0,683.0,329.0,4826.0,235.0,114.0,100.0,25.0,1.0,7.0,0.0,0.0,183.0,386.0,2.0,2.0,12.0,4.0,5.0,22.0,65.0,1.0,1.0,17.0,7.0,114.0,0.0,1.0,0.0,0.0,4.0,5.0,20.0,0.0,0.0,13.0,1.0,3.0,0.0,33.0,0.0,1.0,0.0,0.0,0.0,11.0,10.0,5.0,0.0,1.0,5.0,0.0,0.0,0.0,7.0,4.0,27.0,22.0,1.0,2.0,4.0,19.0,4.0,1.0,0.0,0.0,0.0,0.0,0.0,0.0,1.0,7.0,10.0,0.0,2.0,13.0,0.0,5.0,0.0,0.0,0.0,0.0,49.0,0.0,4.0,0.0,0.0,0.0,0.0,0.0,0.0,0.0,0.0,0.0,0.0,0.0,0.0,0.0,0.0,0.0,0.0,1.0,0.0,0.0,0.0,1.0,2.0,0.0,0.0,0.0,0.0,0.0,0.0,0.0,0.0,0.0,0.0,0.0,0.0,0.0,0.0,0.0,1.0,0.0,0.0,0.0,0.0,0.0,0.0,0.0,0.0,0.0,0.0,0.0,0.0
septic,63.0,591.0,116.0,30.0,87.0,13.0,22.0,0.0,8.0,11.0,65.0,0.0,1.0,0.0,0.0,65.0,2.0,169.0,1283.0,292.0,0.0,10.0,1.0,6.0,0.0,3.0,3.0,1.0,6.0,0.0,1.0,1.0,1.0,2.0,0.0,3457.0,406.0,5090.0,218.0,7292.0,24.0,31.0,127.0,56.0,33.0,7.0,1523.0,1366.0,112.0,110.0,80.0,40.0,26.0,261.0,0.0,2.0,1.0,0.0,73.0,563.0,26.0,0.0,8.0,12.0,13.0,21.0,53.0,0.0,1.0,245.0,0.0,0.0,1.0,23.0,2.0,2.0,3.0,3.0,24.0,0.0,0.0,4.0,0.0,0.0,1.0,16.0,1.0,2.0,0.0,1.0,2.0,15.0,9.0,33.0,0.0,0.0,0.0,0.0,0.0,0.0,6.0,5.0,46.0,14.0,0.0,0.0,2.0,10.0,0.0,0.0,0.0,0.0,0.0,1.0,0.0,0.0,0.0,5.0,4.0,0.0,3.0,8.0,0.0,2.0,0.0,0.0,0.0,1.0,1.0,0.0,6.0,0.0,0.0,0.0,0.0,0.0,1.0,0.0,0.0,0.0,0.0,0.0,0.0,0.0,0.0,0.0,0.0,0.0,1.0,1.0,0.0,0.0,0.0,0.0,0.0,0.0,0.0,0.0,0.0,0.0,0.0,0.0,0.0,0.0,0.0,0.0,0.0,0.0,0.0,0.0,0.0,0.0,0.0,0.0,0.0,0.0,0.0,0.0,0.0,0.0,0.0
septic,128.0,1593.0,347.0,149.0,237.0,470.0,40.0,1.0,29.0,34.0,102.0,0.0,8.0,1.0,0.0,191.0,10.0,121.0,913.0,808.0,2.0,36.0,1.0,4.0,0.0,2.0,0.0,0.0,8.0,0.0,3.0,4.0,34.0,0.0,0.0,5614.0,494.0,1888.0,274.0,2098.0,53.0,62.0,57.0,20.0,23.0,4.0,4631.0,604.0,315.0,1219.0,250.0,92.0,108.0,98.0,0.0,1.0,3.0,1.0,168.0,296.0,11.0,0.0,30.0,17.0,26.0,26.0,71.0,3.0,0.0,415.0,4.0,26.0,3.0,4.0,1.0,0.0,8.0,1.0,16.0,0.0,2.0,13.0,0.0,3.0,3.0,29.0,2.0,0.0,0.0,0.0,5.0,10.0,40.0,3.0,0.0,1.0,4.0,0.0,7.0,0.0,4.0,9.0,13.0,26.0,0.0,0.0,2.0,11.0,9.0,0.0,0.0,0.0,0.0,1.0,1.0,0.0,4.0,9.0,28.0,0.0,4.0,11.0,0.0,8.0,0.0,0.0,0.0,0.0,246.0,0.0,6.0,1.0,3.0,0.0,0.0,0.0,0.0,0.0,0.0,0.0,0.0,0.0,0.0,0.0,0.0,0.0,0.0,0.0,0.0,0.0,0.0,1.0,1.0,1.0,11.0,0.0,0.0,0.0,0.0,0.0,0.0,0.0,0.0,0.0,0.0,0.0,0.0,0.0,0.0,0.0,0.0,0.0,0.0,0.0,0.0,0.0,0.0,0.0,0.0,0.0,0.0
septic,49.0,424.0,43.0,14.0,43.0,19.0,8.0,0.0,5.0,7.0,19.0,0.0,0.0,81.0,0.0,16.0,0.0,58.0,936.0,117.0,0.0,1.0,0.0,0.0,0.0,0.0,0.0,0.0,2.0,0.0,1.0,0.0,3.0,0.0,0.0,1468.0,205.0,280.0,54.0,245.0,12.0,21.0,20.0,17.0,5.0,2.0,973.0,389.0,92.0,85.0,71.0,31.0,21.0,8.0,0.0,2.0,0.0,0.0,37.0,121.0,1.0,1.0,0.0,5.0,1.0,2.0,21.0,2.0,0.0,5.0,2.0,2.0,1.0,2.0,0.0,1.0,2.0,0.0,10.0,0.0,0.0,2.0,0.0,0.0,0.0,0.0,0.0,1.0,0.0,0.0,0.0,5.0,1.0,2.0,0.0,0.0,1.0,0.0,0.0,0.0,2.0,0.0,6.0,12.0,1.0,0.0,0.0,3.0,1.0,0.0,0.0,0.0,0.0,0.0,0.0,0.0,0.0,3.0,9.0,0.0,0.0,1.0,0.0,0.0,0.0,1.0,0.0,0.0,153.0,0.0,5.0,0.0,0.0,0.0,0.0,1.0,0.0,0.0,0.0,0.0,0.0,0.0,0.0,0.0,0.0,0.0,0.0,0.0,0.0,0.0,0.0,0.0,0.0,0.0,0.0,0.0,0.0,0.0,0.0,0.0,0.0,0.0,0.0,0.0,0.0,0.0,0.0,0.0,0.0,0.0,0.0,0.0,0.0,0.0,0.0,0.0,0.0,0.0,0.0,0.0,0.0
septic,81.0,693.0,479.0,135.0,97.0,15.0,23.0,0.0,4.0,17.0,56.0,0.0,6.0,54.0,0.0,70.0,2.0,1139.0,1484.0,285.0,1.0,12.0,3.0,4.0,0.0,1.0,0.0,2.0,6.0,0.0,0.0,1.0,1.0,0.0,0.0,1908.0,292.0,612.0,137.0,2578.0,23.0,16.0,21.0,10.0,3.0,1.0,1018.0,1873.0,68.0,368.0,73.0,44.0,25.0,17.0,0.0,3.0,0.0,0.0,45.0,384.0,2.0,0.0,2.0,14.0,0.0,10.0,76.0,0.0,0.0,3.0,3.0,2.0,0.0,2.0,0.0,0.0,2.0,1.0,2.0,0.0,1.0,6.0,1.0,0.0,0.0,4.0,1.0,2.0,0.0,0.0,0.0,13.0,1.0,4.0,0.0,0.0,0.0,0.0,0.0,0.0,13.0,6.0,20.0,10.0,0.0,1.0,0.0,11.0,0.0,0.0,0.0,0.0,0.0,0.0,0.0,0.0,0.0,4.0,1.0,0.0,2.0,5.0,0.0,1.0,0.0,0.0,0.0,0.0,208.0,0.0,4.0,0.0,0.0,0.0,0.0,0.0,0.0,0.0,0.0,0.0,0.0,0.0,0.0,0.0,0.0,0.0,0.0,0.0,0.0,0.0,0.0,0.0,0.0,0.0,0.0,0.0,0.0,0.0,0.0,0.0,0.0,0.0,0.0,0.0,0.0,0.0,0.0,0.0,0.0,0.0,0.0,0.0,0.0,0.0,2.0,0.0,0.0,0.0,0.0,0.0,0.0
septic,204.0,2892.0,451.0,150.0,436.0,112.0,81.0,0.0,13.0,60.0,226.0,0.0,4.0,396.0,0.0,238.0,23.0,4004.0,2848.0,1028.0,0.0,68.0,2.0,3.0,0.0,2.0,0.0,0.0,40.0,3.0,9.0,4.0,14.0,1.0,3.0,5119.0,363.0,2568.0,504.0,760.0,68.0,26.0,70.0,27.0,29.0,2.0,1754.0,210.0,393.0,199.0,132.0,58.0,40.0,10.0,1.0,3.0,0.0,0.0,127.0,3270.0,2.0,0.0,3.0,5.0,0.0,3.0,52.0,3.0,0.0,28.0,48.0,1.0,0.0,9.0,1.0,1.0,9.0,97.0,30.0,0.0,0.0,20.0,8.0,0.0,0.0,17.0,1.0,2.0,0.0,5.0,2.0,19.0,5.0,12.0,1.0,3.0,8.0,0.0,1.0,0.0,5.0,6.0,18.0,16.0,2.0,0.0,1.0,42.0,2.0,0.0,1.0,0.0,0.0,0.0,0.0,0.0,0.0,22.0,10.0,0.0,37.0,15.0,0.0,5.0,0.0,2.0,2.0,0.0,161.0,0.0,6.0,0.0,0.0,1.0,0.0,1.0,3.0,0.0,0.0,0.0,0.0,0.0,0.0,0.0,0.0,0.0,0.0,1.0,0.0,1.0,1.0,0.0,0.0,0.0,0.0,0.0,0.0,0.0,0.0,0.0,0.0,0.0,0.0,2.0,0.0,0.0,0.0,0.0,0.0,0.0,0.0,0.0,0.0,0.0,0.0,0.0,0.0,0.0,0.0,0.0,0.0
septic,180.0,2104.0,272.0,127.0,549.0,92.0,62.0,0.0,363.0,520.0,150.0,1.0,3.0,523.0,1.0,141.0,17.0,5436.0,2887.0,840.0,1.0,260.0,6.0,3.0,0.0,0.0,0.0,0.0,66.0,2.0,10.0,1.0,1.0,0.0,0.0,3627.0,239.0,836.0,418.0,475.0,28.0,16.0,62.0,6.0,3.0,5.0,1092.0,1868.0,91.0,102.0,122.0,64.0,26.0,40.0,0.0,6.0,0.0,0.0,73.0,204.0,4.0,0.0,7.0,15.0,4.0,10.0,45.0,1.0,0.0,45.0,1.0,0.0,0.0,0.0,0.0,0.0,7.0,107.0,17.0,0.0,0.0,10.0,8.0,1.0,1.0,11.0,0.0,4.0,0.0,11.0,0.0,17.0,4.0,11.0,0.0,4.0,4.0,0.0,0.0,0.0,3.0,4.0,12.0,5.0,0.0,0.0,3.0,32.0,1.0,0.0,0.0,0.0,0.0,0.0,0.0,0.0,0.0,7.0,9.0,0.0,2.0,6.0,0.0,5.0,0.0,1.0,1.0,0.0,34.0,0.0,2.0,0.0,0.0,0.0,1.0,0.0,1.0,0.0,0.0,0.0,0.0,0.0,1.0,0.0,2.0,0.0,0.0,0.0,0.0,0.0,0.0,0.0,0.0,0.0,0.0,0.0,0.0,0.0,0.0,0.0,0.0,0.0,0.0,0.0,0.0,0.0,0.0,0.0,0.0,0.0,0.0,0.0,0.0,1.0,0.0,0.0,0.0,0.0,0.0,0.0,0.0
septic,72.0,1283.0,239.0,88.0,188.0,34.0,35.0,0.0,5.0,32.0,100.0,1.0,8.0,0.0,0.0,122.0,12.0,1926.0,1286.0,510.0,0.0,95.0,0.0,0.0,0.0,1.0,0.0,0.0,21.0,3.0,7.0,1.0,15.0,1.0,0.0,1748.0,134.0,366.0,197.0,836.0,16.0,13.0,33.0,16.0,3.0,10.0,564.0,313.0,168.0,79.0,40.0,8.0,7.0,7.0,0.0,6.0,1.0,0.0,89.0,119.0,55.0,0.0,2.0,4.0,9.0,4.0,27.0,1.0,1.0,16.0,1.0,2.0,0.0,4.0,0.0,0.0,0.0,50.0,11.0,0.0,0.0,11.0,5.0,0.0,1.0,7.0,0.0,0.0,0.0,2.0,0.0,5.0,7.0,5.0,554.0,3.0,0.0,0.0,0.0,0.0,6.0,2.0,10.0,4.0,0.0,0.0,0.0,17.0,1.0,0.0,0.0,0.0,0.0,1.0,0.0,0.0,0.0,7.0,2.0,0.0,2.0,6.0,0.0,0.0,0.0,0.0,0.0,0.0,96.0,0.0,0.0,1.0,1.0,1.0,0.0,0.0,1.0,0.0,0.0,0.0,0.0,0.0,1.0,0.0,0.0,0.0,0.0,0.0,0.0,0.0,0.0,0.0,0.0,0.0,0.0,0.0,0.0,0.0,0.0,0.0,0.0,0.0,0.0,0.0,0.0,0.0,0.0,0.0,0.0,0.0,0.0,0.0,0.0,0.0,0.0,0.0,0.0,0.0,0.0,0.0,0.0
septic,28.0,523.0,130.0,18.0,101.0,80.0,11.0,0.0,6.0,7.0,30.0,0.0,2.0,3.0,0.0,48.0,5.0,320.0,328.0,180.0,1.0,5.0,2.0,1.0,0.0,0.0,0.0,0.0,5.0,0.0,2.0,0.0,1.0,0.0,0.0,930.0,76.0,381.0,84.0,774.0,50.0,13.0,10.0,3.0,0.0,1.0,415.0,54.0,653.0,98.0,31.0,25.0,10.0,14.0,0.0,2.0,0.0,0.0,26.0,63.0,5.0,0.0,6.0,0.0,2.0,0.0,8.0,2.0,0.0,4.0,1.0,0.0,0.0,0.0,0.0,0.0,0.0,5.0,5.0,0.0,0.0,5.0,0.0,0.0,0.0,9.0,0.0,0.0,0.0,0.0,0.0,2.0,3.0,0.0,0.0,0.0,1.0,0.0,0.0,0.0,2.0,1.0,0.0,150.0,0.0,0.0,1.0,13.0,1.0,0.0,0.0,0.0,0.0,0.0,0.0,0.0,0.0,3.0,4.0,0.0,3.0,5.0,0.0,1.0,0.0,1.0,0.0,0.0,69.0,0.0,0.0,0.0,0.0,0.0,0.0,0.0,1.0,0.0,0.0,0.0,0.0,0.0,0.0,0.0,0.0,0.0,0.0,1.0,0.0,0.0,0.0,0.0,1.0,0.0,0.0,0.0,0.0,0.0,0.0,0.0,0.0,0.0,0.0,0.0,0.0,0.0,0.0,0.0,0.0,0.0,0.0,0.0,0.0,0.0,0.0,0.0,0.0,0.0,0.0,0.0,0.0
septic,181.0,2220.0,367.0,127.0,353.0,99.0,50.0,1.0,34.0,44.0,163.0,0.0,10.0,0.0,1.0,219.0,10.0,2102.0,1393.0,935.0,0.0,42.0,2.0,4.0,0.0,0.0,0.0,0.0,30.0,2.0,3.0,1.0,9.0,1.0,0.0,5325.0,311.0,2387.0,448.0,3060.0,26.0,37.0,47.0,28.0,5.0,2.0,1868.0,1901.0,171.0,164.0,127.0,51.0,45.0,7.0,1.0,5.0,0.0,0.0,121.0,330.0,27.0,1.0,10.0,9.0,7.0,8.0,31.0,1.0,0.0,32.0,173.0,3.0,2.0,32.0,1.0,0.0,1.0,45.0,18.0,0.0,0.0,15.0,2.0,0.0,0.0,25.0,2.0,1.0,0.0,5.0,0.0,17.0,6.0,7.0,131.0,1.0,2.0,0.0,0.0,0.0,5.0,2.0,9.0,19.0,1.0,0.0,2.0,44.0,2.0,0.0,0.0,0.0,3.0,0.0,0.0,0.0,0.0,11.0,4.0,0.0,3.0,12.0,0.0,13.0,0.0,2.0,1.0,0.0,265.0,0.0,1.0,0.0,0.0,0.0,0.0,0.0,0.0,0.0,0.0,0.0,0.0,0.0,0.0,2.0,0.0,0.0,0.0,0.0,0.0,0.0,0.0,0.0,0.0,0.0,0.0,0.0,1.0,0.0,0.0,0.0,0.0,0.0,0.0,1.0,0.0,0.0,0.0,0.0,0.0,0.0,0.0,0.0,0.0,0.0,0.0,0.0,0.0,0.0,0.0,0.0,1.0
septic,98.0,1491.0,525.0,238.0,276.0,151.0,58.0,0.0,16.0,620.0,126.0,0.0,8.0,151.0,0.0,159.0,11.0,3353.0,3553.0,731.0,1.0,54.0,5.0,8.0,0.0,0.0,0.0,0.0,37.0,1.0,9.0,1.0,1.0,0.0,0.0,5212.0,592.0,2394.0,318.0,4125.0,57.0,53.0,45.0,17.0,29.0,4.0,3308.0,284.0,238.0,182.0,137.0,79.0,58.0,22.0,6.0,7.0,0.0,0.0,232.0,375.0,3.0,3.0,10.0,11.0,1.0,17.0,66.0,3.0,7.0,17.0,2.0,0.0,0.0,9.0,0.0,0.0,0.0,56.0,22.0,0.0,0.0,10.0,6.0,5.0,0.0,13.0,0.0,2.0,0.0,6.0,0.0,25.0,4.0,16.0,3.0,1.0,3.0,0.0,0.0,0.0,8.0,10.0,59.0,27.0,2.0,0.0,5.0,18.0,3.0,1.0,0.0,0.0,0.0,0.0,26.0,0.0,0.0,20.0,4.0,0.0,2.0,9.0,0.0,3.0,0.0,1.0,0.0,0.0,93.0,0.0,5.0,1.0,0.0,1.0,0.0,2.0,1.0,0.0,0.0,0.0,0.0,0.0,0.0,0.0,1.0,0.0,0.0,0.0,0.0,0.0,0.0,0.0,0.0,0.0,0.0,0.0,0.0,0.0,0.0,0.0,0.0,0.0,0.0,0.0,0.0,0.0,0.0,0.0,0.0,0.0,0.0,0.0,0.0,0.0,0.0,1.0,0.0,0.0,0.0,0.0,0.0
septic,157.0,1554.0,2559.0,403.0,247.0,100.0,52.0,0.0,15.0,55.0,1438.0,0.0,10.0,24.0,0.0,119.0,5.0,4678.0,2918.0,511.0,2.0,73.0,1.0,0.0,0.0,0.0,0.0,1.0,15.0,3.0,2.0,1.0,5.0,0.0,0.0,7654.0,761.0,1233.0,294.0,5299.0,48.0,76.0,76.0,35.0,20.0,6.0,4623.0,6955.0,301.0,369.0,234.0,141.0,93.0,60.0,1.0,11.0,3.0,0.0,187.0,442.0,5.0,4.0,10.0,34.0,2.0,23.0,83.0,4.0,0.0,119.0,8.0,1.0,0.0,1.0,2.0,0.0,2.0,48.0,21.0,0.0,0.0,8.0,2.0,3.0,2.0,25.0,1.0,1.0,0.0,7.0,0.0,14.0,5.0,4.0,11.0,1.0,5.0,0.0,1.0,0.0,2.0,7.0,3.0,29.0,2.0,1.0,1.0,20.0,3.0,0.0,0.0,0.0,5.0,0.0,0.0,0.0,1.0,8.0,5.0,0.0,6.0,20.0,0.0,5.0,0.0,1.0,0.0,0.0,4.0,0.0,0.0,0.0,0.0,0.0,1.0,0.0,0.0,1.0,0.0,0.0,2.0,0.0,0.0,1.0,0.0,0.0,0.0,0.0,0.0,0.0,1.0,1.0,0.0,0.0,0.0,0.0,0.0,0.0,0.0,0.0,0.0,0.0,0.0,3.0,0.0,0.0,0.0,0.0,0.0,0.0,0.0,0.0,0.0,0.0,0.0,0.0,0.0,0.0,0.0,0.0,0.0
septic,191.0,1746.0,266.0,159.0,319.0,66.0,64.0,0.0,14.0,39.0,324.0,0.0,6.0,1105.0,2.0,151.0,6.0,1014.0,1938.0,746.0,3.0,34.0,1.0,4.0,0.0,3.0,0.0,0.0,16.0,0.0,2.0,1.0,2.0,0.0,0.0,4492.0,684.0,1983.0,372.0,359.0,20.0,47.0,39.0,30.0,11.0,3.0,2639.0,1949.0,226.0,224.0,172.0,70.0,50.0,47.0,3.0,6.0,1.0,2.0,137.0,545.0,3.0,2.0,7.0,19.0,4.0,17.0,55.0,2.0,1.0,9.0,6.0,62.0,0.0,8.0,0.0,0.0,4.0,10.0,24.0,0.0,0.0,15.0,2.0,2.0,1.0,19.0,0.0,0.0,0.0,0.0,1.0,15.0,8.0,5.0,2.0,0.0,0.0,0.0,1.0,0.0,4.0,4.0,16.0,20.0,1.0,1.0,4.0,33.0,3.0,0.0,0.0,0.0,2.0,0.0,0.0,0.0,3.0,14.0,4.0,0.0,7.0,16.0,0.0,3.0,0.0,3.0,3.0,1.0,90.0,0.0,1.0,0.0,0.0,45.0,0.0,0.0,0.0,0.0,0.0,0.0,0.0,0.0,0.0,0.0,2.0,0.0,0.0,0.0,0.0,0.0,0.0,3.0,0.0,0.0,0.0,0.0,0.0,0.0,0.0,0.0,0.0,0.0,1.0,0.0,0.0,0.0,0.0,0.0,0.0,0.0,0.0,0.0,0.0,0.0,0.0,1.0,0.0,0.0,0.0,0.0,0.0
septic,175.0,1064.0,847.0,76.0,195.0,214.0,24.0,1.0,37.0,11.0,1284.0,0.0,11.0,612.0,0.0,88.0,7.0,326.0,364.0,274.0,0.0,12.0,28.0,0.0,0.0,5.0,0.0,2.0,5.0,0.0,3.0,10.0,13.0,0.0,0.0,5746.0,1023.0,499.0,190.0,358.0,19.0,38.0,52.0,10.0,13.0,5.0,1910.0,3340.0,167.0,337.0,104.0,37.0,35.0,434.0,2.0,3.0,0.0,0.0,66.0,487.0,0.0,0.0,5.0,18.0,22.0,13.0,38.0,1.0,3.0,590.0,3.0,4.0,1.0,2.0,2.0,0.0,1.0,6.0,11.0,0.0,1.0,17.0,1.0,1.0,0.0,24.0,0.0,0.0,0.0,0.0,0.0,5.0,3.0,0.0,16.0,0.0,0.0,0.0,0.0,0.0,1.0,0.0,6.0,19.0,1.0,1.0,1.0,3.0,3.0,0.0,0.0,1.0,0.0,0.0,0.0,0.0,0.0,4.0,9.0,1.0,383.0,5.0,0.0,1.0,0.0,0.0,1.0,5.0,30.0,1.0,3.0,0.0,0.0,0.0,0.0,0.0,0.0,0.0,0.0,7.0,0.0,9.0,0.0,0.0,0.0,0.0,3.0,0.0,0.0,0.0,0.0,1.0,0.0,0.0,0.0,0.0,0.0,0.0,0.0,0.0,0.0,0.0,0.0,0.0,0.0,0.0,0.0,0.0,0.0,0.0,0.0,0.0,0.0,0.0,0.0,0.0,0.0,0.0,0.0,0.0,0.0
septic,414.0,2183.0,413.0,156.0,640.0,99.0,80.0,1.0,17.0,54.0,153.0,1.0,4.0,238.0,0.0,191.0,8.0,721.0,2755.0,676.0,0.0,41.0,1.0,0.0,0.0,1.0,0.0,0.0,20.0,0.0,1.0,6.0,4.0,1.0,0.0,5116.0,508.0,1495.0,352.0,222.0,42.0,54.0,56.0,17.0,9.0,2.0,3550.0,1308.0,210.0,202.0,352.0,82.0,66.0,131.0,0.0,3.0,0.0,1.0,106.0,346.0,5.0,1.0,10.0,11.0,17.0,18.0,62.0,1.0,0.0,16.0,4.0,36.0,1.0,3.0,0.0,0.0,2.0,15.0,22.0,0.0,0.0,8.0,1.0,1.0,3.0,13.0,8.0,0.0,0.0,1.0,3.0,12.0,11.0,2.0,1.0,0.0,4.0,0.0,0.0,0.0,2.0,2.0,0.0,44.0,0.0,0.0,0.0,35.0,7.0,0.0,0.0,0.0,0.0,1.0,0.0,0.0,0.0,14.0,6.0,0.0,2.0,14.0,0.0,6.0,0.0,1.0,0.0,1.0,67.0,1.0,2.0,0.0,0.0,0.0,0.0,0.0,2.0,0.0,0.0,0.0,0.0,0.0,0.0,0.0,0.0,0.0,0.0,0.0,0.0,0.0,0.0,0.0,0.0,0.0,0.0,0.0,0.0,0.0,0.0,0.0,0.0,0.0,0.0,0.0,0.0,0.0,0.0,0.0,0.0,0.0,0.0,0.0,0.0,1.0,0.0,0.0,0.0,0.0,0.0,0.0,0.0
septic,39.0,3095.0,4481.0,725.0,259.0,221.0,21.0,0.0,18.0,14.0,62.0,1.0,8.0,1.0,0.0,80.0,3.0,560.0,3586.0,1874.0,2.0,9.0,1330.0,3.0,0.0,0.0,0.0,0.0,8.0,0.0,1.0,1.0,5.0,1.0,0.0,2811.0,256.0,482.0,157.0,4551.0,6.0,24.0,34.0,11.0,11.0,2.0,1047.0,839.0,83.0,66.0,55.0,27.0,25.0,7.0,0.0,1.0,0.0,1.0,44.0,236.0,1.0,0.0,10.0,7.0,94.0,13.0,25.0,0.0,2.0,361.0,1.0,1.0,0.0,6.0,1.0,0.0,2.0,11.0,7.0,0.0,0.0,9.0,1.0,0.0,1.0,8.0,1.0,0.0,0.0,1.0,1.0,11.0,12.0,7.0,2.0,0.0,0.0,0.0,0.0,0.0,9.0,5.0,16.0,3.0,0.0,0.0,0.0,4.0,0.0,0.0,3.0,0.0,0.0,2.0,0.0,0.0,0.0,2.0,2.0,0.0,1.0,6.0,0.0,0.0,0.0,0.0,0.0,0.0,56.0,0.0,2.0,0.0,0.0,0.0,0.0,0.0,0.0,0.0,0.0,0.0,1.0,0.0,0.0,0.0,0.0,0.0,1.0,1.0,2.0,1.0,1.0,0.0,0.0,0.0,0.0,0.0,0.0,0.0,0.0,0.0,0.0,0.0,0.0,0.0,0.0,0.0,0.0,0.0,0.0,0.0,0.0,0.0,0.0,0.0,0.0,0.0,0.0,0.0,0.0,0.0,0.0
septic,110.0,1454.0,1204.0,1170.0,85.0,56.0,17.0,0.0,8.0,11.0,73.0,0.0,2.0,0.0,0.0,72.0,3.0,1958.0,461.0,245.0,1.0,9.0,0.0,0.0,0.0,5.0,0.0,0.0,2.0,0.0,1.0,19.0,55.0,0.0,0.0,7496.0,1598.0,586.0,191.0,547.0,40.0,78.0,100.0,36.0,4.0,0.0,4985.0,1654.0,333.0,1671.0,251.0,203.0,95.0,33.0,1.0,7.0,5.0,1.0,266.0,694.0,9.0,8.0,23.0,13.0,2.0,9.0,84.0,3.0,0.0,24.0,7.0,6.0,0.0,0.0,0.0,0.0,6.0,5.0,16.0,0.0,1.0,4.0,0.0,3.0,1.0,8.0,1.0,0.0,0.0,0.0,0.0,15.0,33.0,6.0,1.0,1.0,2.0,0.0,0.0,0.0,0.0,9.0,6.0,35.0,1.0,0.0,12.0,9.0,2.0,0.0,1.0,0.0,0.0,1.0,0.0,0.0,2.0,0.0,1.0,0.0,2.0,0.0,0.0,3.0,0.0,2.0,0.0,0.0,112.0,0.0,0.0,0.0,9.0,0.0,0.0,0.0,0.0,1.0,0.0,0.0,0.0,0.0,0.0,0.0,1.0,0.0,0.0,0.0,0.0,0.0,0.0,1.0,0.0,1.0,0.0,0.0,0.0,0.0,0.0,0.0,1.0,0.0,0.0,3.0,0.0,0.0,0.0,2.0,0.0,0.0,0.0,0.0,0.0,0.0,0.0,0.0,0.0,0.0,0.0,0.0,0.0
septic,121.0,2244.0,272.0,137.0,248.0,174.0,58.0,0.0,11.0,38.0,161.0,3.0,4.0,38.0,0.0,153.0,7.0,1915.0,1039.0,552.0,0.0,32.0,0.0,8.0,0.0,0.0,0.0,0.0,31.0,0.0,2.0,2.0,2.0,0.0,0.0,2786.0,1456.0,845.0,348.0,4369.0,6.0,17.0,59.0,21.0,13.0,4.0,1004.0,5060.0,97.0,52.0,62.0,19.0,15.0,12.0,0.0,0.0,0.0,0.0,56.0,619.0,15.0,1.0,8.0,34.0,1.0,20.0,30.0,2.0,3.0,10.0,1.0,3.0,0.0,2.0,1.0,0.0,1.0,11.0,75.0,0.0,0.0,19.0,2.0,0.0,2.0,4.0,0.0,0.0,0.0,0.0,1.0,8.0,8.0,3.0,0.0,0.0,0.0,0.0,0.0,0.0,3.0,1.0,16.0,7.0,1.0,0.0,3.0,29.0,1.0,0.0,0.0,0.0,0.0,0.0,0.0,0.0,1.0,21.0,6.0,0.0,2.0,10.0,0.0,6.0,0.0,0.0,0.0,0.0,112.0,0.0,4.0,1.0,0.0,0.0,1.0,1.0,1.0,0.0,0.0,0.0,0.0,0.0,0.0,0.0,0.0,0.0,1.0,0.0,0.0,0.0,0.0,0.0,0.0,0.0,0.0,0.0,0.0,0.0,0.0,0.0,0.0,0.0,0.0,0.0,0.0,0.0,0.0,0.0,0.0,0.0,0.0,0.0,0.0,0.0,0.0,0.0,0.0,0.0,0.0,0.0,0.0
septic,103.0,678.0,114.0,44.0,125.0,14.0,23.0,0.0,6.0,17.0,54.0,1.0,1.0,62.0,0.0,61.0,0.0,1349.0,3450.0,753.0,0.0,247.0,2.0,0.0,0.0,3.0,0.0,0.0,2.0,0.0,0.0,11.0,14.0,1.0,0.0,1502.0,130.0,248.0,140.0,1102.0,10.0,19.0,57.0,1.0,3.0,1.0,2524.0,823.0,99.0,165.0,71.0,5.0,16.0,10.0,7.0,2.0,0.0,2.0,43.0,224.0,1.0,0.0,8.0,10.0,4.0,9.0,15.0,0.0,0.0,7.0,3.0,2.0,0.0,0.0,3.0,0.0,6.0,1.0,5.0,0.0,0.0,11.0,0.0,1.0,0.0,1.0,0.0,0.0,0.0,0.0,0.0,1.0,13.0,1.0,21.0,0.0,5.0,0.0,0.0,0.0,3.0,0.0,6.0,15.0,0.0,0.0,2.0,9.0,1.0,0.0,0.0,0.0,0.0,0.0,0.0,0.0,0.0,9.0,3.0,0.0,2.0,9.0,0.0,0.0,0.0,0.0,1.0,0.0,46.0,1.0,1.0,0.0,6.0,0.0,0.0,0.0,0.0,0.0,0.0,0.0,3.0,0.0,0.0,0.0,0.0,0.0,0.0,0.0,0.0,0.0,0.0,0.0,0.0,0.0,0.0,0.0,0.0,0.0,0.0,0.0,0.0,0.0,0.0,0.0,0.0,0.0,0.0,0.0,0.0,0.0,0.0,0.0,0.0,0.0,0.0,0.0,0.0,0.0,0.0,0.0,0.0
septic,198.0,301.0,127.0,61.0,57.0,198.0,8.0,0.0,24.0,7.0,19.0,0.0,8.0,61.0,0.0,29.0,1.0,42.0,488.0,219.0,0.0,10.0,5.0,2.0,0.0,0.0,0.0,0.0,4.0,0.0,1.0,1.0,3.0,0.0,0.0,1233.0,75.0,358.0,73.0,726.0,17.0,15.0,18.0,1.0,4.0,3.0,584.0,1528.0,51.0,36.0,63.0,13.0,18.0,4.0,0.0,2.0,0.0,0.0,33.0,116.0,1.0,0.0,5.0,9.0,3.0,5.0,15.0,0.0,0.0,28.0,2.0,3.0,0.0,0.0,0.0,0.0,0.0,0.0,6.0,0.0,1.0,2.0,0.0,1.0,1.0,5.0,0.0,2.0,0.0,2.0,0.0,4.0,1.0,3.0,0.0,0.0,4.0,0.0,0.0,0.0,0.0,0.0,2.0,6.0,0.0,2.0,1.0,1.0,1.0,0.0,0.0,0.0,2.0,0.0,0.0,0.0,0.0,3.0,1.0,0.0,0.0,1.0,0.0,0.0,0.0,0.0,0.0,0.0,26.0,0.0,0.0,0.0,0.0,1.0,0.0,0.0,0.0,0.0,0.0,0.0,0.0,0.0,0.0,0.0,0.0,0.0,0.0,0.0,0.0,0.0,0.0,0.0,0.0,0.0,0.0,0.0,0.0,0.0,0.0,0.0,0.0,0.0,0.0,0.0,0.0,0.0,0.0,0.0,0.0,0.0,0.0,0.0,0.0,0.0,0.0,1.0,0.0,0.0,0.0,0.0,0.0
septic,56.0,317.0,495.0,85.0,164.0,56.0,11.0,0.0,364.0,4.0,29.0,0.0,2.0,430.0,1.0,333.0,4.0,155.0,1157.0,3421.0,2.0,337.0,9.0,0.0,0.0,1.0,1.0,4.0,11.0,1.0,2.0,10.0,7.0,2.0,1.0,7223.0,281.0,163.0,283.0,386.0,77.0,27.0,28.0,17.0,18.0,6.0,970.0,846.0,860.0,750.0,58.0,27.0,31.0,50.0,2.0,0.0,0.0,0.0,61.0,439.0,9.0,4.0,5.0,7.0,5.0,16.0,73.0,0.0,0.0,190.0,26.0,99.0,0.0,4.0,0.0,0.0,2.0,6.0,6.0,1.0,0.0,13.0,1.0,0.0,5.0,5.0,48.0,1.0,0.0,4.0,2.0,6.0,7.0,11.0,4.0,4.0,2.0,0.0,1.0,0.0,122.0,1.0,5.0,3.0,0.0,9.0,1.0,2.0,0.0,0.0,1.0,0.0,1.0,0.0,0.0,0.0,0.0,2.0,167.0,0.0,4.0,2.0,0.0,1.0,0.0,0.0,0.0,1.0,17.0,2.0,1.0,0.0,0.0,0.0,0.0,0.0,0.0,2.0,1.0,1.0,1.0,1.0,1.0,1.0,1.0,1.0,0.0,0.0,0.0,0.0,0.0,0.0,0.0,0.0,0.0,0.0,0.0,0.0,0.0,0.0,0.0,0.0,0.0,0.0,0.0,0.0,0.0,0.0,0.0,0.0,0.0,0.0,0.0,0.0,0.0,0.0,0.0,0.0,0.0,0.0,0.0
septic,151.0,1712.0,1589.0,199.0,282.0,54.0,46.0,0.0,12.0,37.0,126.0,0.0,5.0,1.0,0.0,124.0,11.0,2617.0,4843.0,1042.0,4.0,33.0,22.0,1.0,0.0,0.0,1.0,3.0,19.0,0.0,5.0,4.0,14.0,5.0,0.0,10107.0,239.0,286.0,503.0,316.0,26.0,54.0,56.0,31.0,43.0,3.0,1090.0,914.0,103.0,137.0,78.0,21.0,18.0,396.0,1.0,6.0,0.0,0.0,65.0,174.0,2.0,2.0,21.0,27.0,8.0,16.0,38.0,1.0,0.0,562.0,1.0,5.0,0.0,3.0,0.0,4.0,9.0,1.0,25.0,0.0,0.0,95.0,0.0,0.0,5.0,17.0,109.0,5.0,0.0,5.0,8.0,11.0,15.0,3.0,460.0,0.0,10.0,0.0,0.0,0.0,4.0,5.0,0.0,5.0,1.0,1.0,0.0,17.0,0.0,0.0,1.0,0.0,1.0,0.0,0.0,0.0,1.0,14.0,4.0,0.0,3.0,35.0,0.0,318.0,1.0,1.0,1.0,1.0,38.0,0.0,0.0,0.0,0.0,1.0,0.0,1.0,1.0,1.0,1.0,0.0,0.0,0.0,0.0,1.0,1.0,2.0,0.0,0.0,0.0,0.0,0.0,0.0,0.0,0.0,0.0,0.0,0.0,9.0,1.0,1.0,0.0,0.0,0.0,0.0,0.0,0.0,0.0,0.0,0.0,0.0,0.0,0.0,0.0,0.0,0.0,0.0,0.0,0.0,0.0,0.0,0.0
septic,195.0,3627.0,763.0,203.0,530.0,82.0,86.0,1.0,21.0,53.0,454.0,3.0,18.0,1.0,0.0,281.0,9.0,154.0,5165.0,1322.0,5.0,67.0,0.0,0.0,0.0,0.0,0.0,0.0,14.0,0.0,0.0,4.0,13.0,5.0,0.0,18166.0,257.0,362.0,855.0,340.0,56.0,41.0,54.0,39.0,56.0,0.0,2418.0,758.0,95.0,195.0,118.0,28.0,35.0,14.0,2.0,9.0,0.0,0.0,77.0,267.0,1.0,3.0,17.0,9.0,2.0,15.0,46.0,1.0,0.0,10.0,983.0,5.0,0.0,10.0,0.0,0.0,8.0,4.0,35.0,0.0,1.0,24.0,0.0,2.0,0.0,18.0,136.0,1.0,0.0,0.0,11.0,20.0,9.0,1.0,1.0,0.0,1.0,0.0,1.0,3.0,0.0,8.0,1.0,7.0,0.0,0.0,0.0,38.0,1.0,0.0,3.0,0.0,0.0,2.0,2.0,1.0,2.0,25.0,12.0,1.0,8.0,14.0,1.0,8.0,2.0,3.0,1.0,1.0,85.0,0.0,0.0,0.0,0.0,0.0,0.0,0.0,0.0,0.0,0.0,0.0,0.0,0.0,0.0,0.0,0.0,0.0,0.0,0.0,0.0,0.0,0.0,0.0,0.0,0.0,0.0,0.0,0.0,0.0,0.0,0.0,0.0,0.0,0.0,0.0,0.0,0.0,0.0,0.0,0.0,0.0,0.0,0.0,0.0,0.0,0.0,0.0,0.0,0.0,0.0,0.0,0.0
septic,178.0,2352.0,285.0,98.0,284.0,729.0,62.0,2.0,8.0,36.0,135.0,0.0,6.0,0.0,0.0,130.0,8.0,2362.0,1414.0,701.0,1.0,36.0,173.0,1.0,1.0,2.0,0.0,0.0,11.0,0.0,2.0,2.0,15.0,0.0,0.0,7437.0,173.0,182.0,450.0,314.0,67.0,34.0,35.0,28.0,36.0,0.0,1850.0,1669.0,464.0,112.0,39.0,19.0,16.0,183.0,3.0,5.0,0.0,0.0,38.0,572.0,0.0,0.0,2.0,57.0,1.0,18.0,56.0,1.0,0.0,667.0,25.0,5.0,4.0,439.0,0.0,0.0,4.0,11.0,17.0,0.0,0.0,6.0,0.0,0.0,2.0,8.0,47.0,2.0,0.0,0.0,4.0,8.0,0.0,4.0,4860.0,0.0,2.0,0.0,1.0,0.0,5.0,4.0,2.0,2.0,0.0,0.0,0.0,43.0,1.0,0.0,0.0,0.0,0.0,0.0,0.0,0.0,0.0,7.0,4.0,0.0,2.0,20.0,0.0,3.0,0.0,0.0,0.0,0.0,20.0,0.0,0.0,0.0,3.0,1.0,0.0,0.0,0.0,0.0,0.0,0.0,4.0,0.0,0.0,0.0,0.0,0.0,0.0,0.0,0.0,0.0,0.0,1.0,0.0,0.0,0.0,0.0,0.0,0.0,0.0,0.0,0.0,0.0,0.0,0.0,0.0,0.0,0.0,0.0,0.0,0.0,0.0,0.0,0.0,0.0,0.0,0.0,0.0,0.0,0.0,0.0,0.0
septic,99.0,1740.0,630.0,197.0,289.0,66.0,63.0,0.0,14.0,21.0,123.0,0.0,5.0,0.0,0.0,153.0,5.0,412.0,1721.0,769.0,0.0,47.0,0.0,0.0,0.0,1.0,0.0,0.0,8.0,0.0,0.0,0.0,0.0,0.0,0.0,7748.0,287.0,341.0,401.0,693.0,21.0,30.0,31.0,10.0,52.0,1.0,3361.0,1052.0,167.0,98.0,125.0,68.0,32.0,28.0,1.0,4.0,1.0,0.0,84.0,210.0,5.0,2.0,11.0,12.0,2.0,8.0,45.0,0.0,0.0,3.0,6.0,2.0,0.0,0.0,0.0,0.0,2.0,10.0,11.0,0.0,0.0,16.0,0.0,7.0,1.0,25.0,46.0,0.0,0.0,2.0,1.0,20.0,3.0,2.0,375.0,0.0,0.0,0.0,0.0,1.0,1.0,0.0,1.0,12.0,0.0,0.0,0.0,28.0,3.0,0.0,0.0,0.0,0.0,0.0,0.0,0.0,0.0,11.0,11.0,0.0,2.0,15.0,0.0,4.0,1.0,0.0,1.0,1.0,106.0,0.0,1.0,0.0,1.0,1.0,0.0,1.0,0.0,1.0,0.0,0.0,11.0,0.0,0.0,0.0,0.0,0.0,0.0,0.0,0.0,0.0,0.0,0.0,0.0,0.0,0.0,0.0,0.0,0.0,0.0,0.0,0.0,0.0,0.0,0.0,0.0,0.0,0.0,0.0,0.0,0.0,0.0,0.0,0.0,0.0,0.0,0.0,0.0,0.0,0.0,0.0,0.0
septic,252.0,5840.0,1257.0,281.0,873.0,213.0,142.0,0.0,44.0,91.0,339.0,1.0,14.0,1.0,0.0,480.0,27.0,418.0,6894.0,1547.0,9.0,316.0,0.0,2.0,0.0,1.0,0.0,0.0,22.0,0.0,4.0,5.0,47.0,1.0,0.0,20234.0,1098.0,551.0,989.0,685.0,28.0,74.0,56.0,43.0,71.0,2.0,2732.0,2946.0,190.0,217.0,194.0,48.0,64.0,16.0,2.0,6.0,3.0,0.0,134.0,588.0,10.0,0.0,193.0,20.0,74.0,13.0,85.0,1.0,0.0,152.0,12.0,2.0,2.0,37.0,1.0,0.0,7.0,28.0,62.0,0.0,0.0,29.0,1.0,9.0,1.0,30.0,160.0,0.0,0.0,0.0,7.0,27.0,4.0,6.0,8.0,1.0,7.0,0.0,1.0,0.0,6.0,5.0,0.0,20.0,1.0,0.0,1.0,61.0,12.0,0.0,3.0,0.0,1.0,0.0,1.0,0.0,0.0,41.0,23.0,0.0,10.0,33.0,0.0,16.0,0.0,0.0,0.0,1.0,169.0,0.0,0.0,0.0,4.0,0.0,0.0,0.0,1.0,1.0,0.0,0.0,0.0,0.0,1.0,0.0,0.0,0.0,0.0,0.0,1.0,0.0,0.0,1.0,0.0,0.0,0.0,0.0,0.0,0.0,0.0,0.0,0.0,0.0,0.0,0.0,0.0,0.0,0.0,0.0,0.0,0.0,0.0,0.0,0.0,0.0,0.0,0.0,0.0,0.0,0.0,0.0,0.0
ntc,8774.0,583.0,116.0,42.0,54.0,794.0,2.0,1.0,19.0,1.0,5.0,0.0,9.0,769.0,1.0,0.0,0.0,1923.0,7594.0,1609.0,11.0,7.0,2.0,7.0,3.0,4.0,0.0,1.0,5.0,2.0,2.0,9.0,42.0,1.0,0.0,10496.0,3206.0,145.0,281.0,392.0,25.0,11.0,132.0,65.0,94.0,3.0,5705.0,319.0,152.0,200.0,124.0,19.0,19.0,14.0,1.0,3.0,0.0,0.0,199.0,1089.0,11.0,18.0,23.0,32.0,10.0,58.0,27.0,6.0,0.0,245.0,4.0,2.0,0.0,5.0,13.0,0.0,3.0,5.0,0.0,0.0,1.0,12.0,0.0,3.0,7.0,1.0,0.0,0.0,0.0,0.0,0.0,21.0,12.0,15.0,0.0,1.0,1.0,2.0,1.0,0.0,2.0,4.0,13.0,13.0,0.0,0.0,24.0,7.0,0.0,1.0,0.0,0.0,0.0,0.0,0.0,0.0,0.0,0.0,0.0,0.0,0.0,2.0,0.0,1.0,0.0,0.0,0.0,0.0,0.0,1.0,1.0,0.0,1.0,73.0,0.0,0.0,1.0,0.0,0.0,0.0,0.0,0.0,0.0,0.0,0.0,14.0,0.0,0.0,0.0,0.0,0.0,0.0,0.0,0.0,0.0,0.0,0.0,0.0,1.0,0.0,0.0,0.0,0.0,1.0,0.0,0.0,0.0,0.0,0.0,0.0,0.0,0.0,0.0,0.0,0.0,0.0,0.0,0.0,7.0,0.0,0.0
ntc,1385.0,391.0,40.0,4.0,24.0,156.0,2.0,0.0,27.0,0.0,1.0,0.0,6.0,5.0,1.0,1.0,0.0,1654.0,522.0,212.0,3.0,3.0,1.0,0.0,0.0,0.0,0.0,0.0,7.0,0.0,8.0,5.0,23.0,1.0,0.0,827.0,675.0,51.0,55.0,132.0,6.0,4.0,15.0,6.0,1.0,0.0,672.0,751.0,25.0,27.0,16.0,0.0,5.0,2.0,0.0,7.0,2.0,0.0,24.0,46.0,1.0,0.0,9.0,22.0,1.0,13.0,22.0,0.0,0.0,1.0,1.0,8.0,0.0,4.0,0.0,0.0,0.0,25.0,0.0,0.0,0.0,3.0,4.0,0.0,5.0,1.0,0.0,3.0,1.0,2.0,8.0,1.0,1.0,3.0,1.0,1.0,3.0,1.0,0.0,0.0,0.0,0.0,0.0,0.0,0.0,0.0,0.0,0.0,0.0,0.0,0.0,0.0,0.0,0.0,0.0,0.0,0.0,0.0,0.0,0.0,0.0,0.0,0.0,0.0,0.0,0.0,0.0,0.0,0.0,0.0,0.0,0.0,0.0,0.0,0.0,0.0,0.0,0.0,0.0,0.0,0.0,0.0,0.0,0.0,0.0,0.0,0.0,0.0,0.0,0.0,0.0,0.0,0.0,0.0,0.0,0.0,0.0,0.0,0.0,0.0,0.0,0.0,0.0,0.0,0.0,0.0,0.0,0.0,0.0,0.0,0.0,0.0,0.0,0.0,0.0,0.0,0.0,0.0,0.0,0.0,0.0
ntc,21.0,58.0,36.0,7.0,25.0,187.0,2.0,0.0,34.0,1.0,2.0,0.0,8.0,3.0,0.0,3.0,0.0,15.0,151.0,163.0,3.0,3.0,0.0,0.0,0.0,2.0,0.0,3.0,0.0,0.0,3.0,26.0,73.0,5.0,0.0,2988.0,3904.0,343.0,111.0,91.0,15.0,20.0,305.0,12.0,123.0,26.0,2610.0,1276.0,259.0,617.0,114.0,19.0,8.0,72.0,0.0,10.0,5.0,5.0,233.0,324.0,4.0,2.0,66.0,55.0,91.0,80.0,42.0,0.0,0.0,5.0,0.0,7.0,2.0,31.0,0.0,0.0,7.0,1.0,2.0,0.0,1.0,22.0,0.0,0.0,11.0,0.0,3.0,0.0,0.0,0.0,2.0,3.0,142.0,1.0,2.0,0.0,0.0,0.0,0.0,0.0,0.0,4.0,0.0,12.0,0.0,1.0,0.0,2.0,0.0,0.0,0.0,0.0,0.0,0.0,0.0,0.0,5.0,4.0,2.0,0.0,0.0,0.0,0.0,0.0,0.0,0.0,0.0,0.0,0.0,0.0,0.0,0.0,0.0,0.0,1.0,0.0,0.0,0.0,0.0,0.0,0.0,0.0,0.0,0.0,0.0,1.0,0.0,0.0,0.0,0.0,0.0,1.0,0.0,0.0,0.0,0.0,0.0,0.0,1.0,0.0,0.0,0.0,0.0,0.0,0.0,0.0,0.0,0.0,0.0,0.0,0.0,0.0,0.0,0.0,0.0,0.0,0.0,0.0,0.0,0.0,0.0
